Locus,AmpliconGenomeV1Location,AlternateGenomeV1Location(s),ForwardPrimerSequence,ReversePrimerSequence,ReferenceSequence,TrimmedAmpliconSequence,SNPLocationsInReferenceSequence,Notes
Ots_94857-232,NC_037099.1:26622987-26623065,NC_037099.1:29291581-29291659,GTG ACT GGA GTT CAG ACG TGT GCT CTT CCG ATC TAC TAC AGG CAC TCT CCC TG,CGA CAG GTT CAG AGT TCT ACA GTC CGA CGA TCC CCC CAT CAC TTC TCT GGC TT,ACTACAGGCACTCTCCCTGGCTAGAAGGGCAGGATAATAACAAACAAGAGATKATTTAAAGCCAGAGAAGTGATGGGGG,ACTACAGGCACTCTCCCTGGCTAGAAGGGCAGGATAATAACAAACAAGAGATKATTTAAAGCCAGAGAAGTGATGGGGG,42,
Ots_96222-525,NC_037125.1:23142301-23142418,,GTG ACT GGA GTT CAG ACG TGT GCT CTT CCG ATC TCC AGG CAT ATT TGA AAG AGC TCT TG,CGA CAG GTT CAG AGT TCT ACA GTC CGA CGA TCG CTG CAG CCC AGG TAA GAA A,CCAGGCATATTTGAAAGAGCTCTTGCCCATCTGTAGGATGAGAGAACTTAAAATTAGCTACAGTTGTAGTTGCTTAATACATATGTTGCGCCAATTAGTTTCTTACCTGGGCTGCAGC,CCAGGCATATTTGAAAGAGCTCTTGCCCATCTGTAGGATGAGAGAACTTAAAATTAGCTACAGTTGTAGTTGCTTAATACATATGTTGCGCCAATTAGTTTCTTACCTGGGCTGCAGC,"47, 59",
Ots_96500-180,NC_037100.1:53468669-53468750,,GTG ACT GGA GTT CAG ACG TGT GCT CTT CCG ATC TCA TCG AAC ACG CAG CGG,CGA CAG GTT CAG AGT TCT ACA GTC CGA CGA TCT TTT TAT GAT GCT CTG AGA AAT ATA TAT TGA GTC GAA AAA,TTTTTATGATGCTCTGAGAAATATATATTGAGTCGAAAAATGATTTGTTTTTCAAACCCCTGCCCCCGCTGCGTGTTCGATG,TTTTTATGATGCTCTGAGAAATATATATTGAGTCGAAAAATGATTTGTTTTTCAAACCCCTGCCCCCGCTGCGTGTTCGATG,"42, 46",
Ots_97077-179,NC_037103.1:70085927-70086002,,GTG ACT GGA GTT CAG ACG TGT GCT CTT CCG ATC TGG GTA CCT GAA CAA ATA CTT AAC GC,CGA CAG GTT CAG AGT TCT ACA GTC CGA CGA TCT CAC ACC ATT GCC ACT TCT CAC A,GGGTACCTGAACAAATACTTAACGCTCCAGTTATGATTGCTTTAGGATACATTTGTGAGAAGTGGCAATGGTGTGA,GGGTACCTGAACAAATACTTAACGCTCCAGTTATGATTGCTTTAGGATACATTTGTGAGAAGTGGCAATGGTGTGA,46,
Ots_99550-204,NW_020129190.1:241259-241338,,GTG ACT GGA GTT CAG ACG TGT GCT CTT CCG ATC TGC AAC CTC TTT CAC ACT TCA GT,CGA CAG GTT CAG AGT TCT ACA GTC CGA CGA TCA GAT TTC ACC TTT AAC TAG CTA AGC CCA,AGATTTCACCTTTAACTAGCTAAGCCCAAACAACCAAAGCCTTTCTCATCAGAGAGTTACTGAAGTGTGAAAGAGGTTGC,AGATTTCACCTTTAACTAGCTAAGCCCAAACAACCAAAGCCTTTCTCATCAGAGAGTTACTGAAGTGTGAAAGAGGTTGC,"34, 49",
Ots_100884-287,NC_037099.1:72097652-72097742,,GTG ACT GGA GTT CAG ACG TGT GCT CTT CCG ATC TAC ATT GAG GAG ATT TGG GAC GA,CGA CAG GTT CAG AGT TCT ACA GTC CGA CGA TCG CGG AAG ACC AGA TTC TCC A,GCGGAAGACCAGATTCTCCAAGAGTATCAGATAGAACTACAATTCACATATATAAGTGCCGCTACTTGGTCGTCCCAAATCTCCTCAATGT,GCGGAAGACCAGATTCTCCAAGAGTATCAGATAGAACTACAATTCACATATATAAGTGCCGCTACTTGGTCGTCCCAAATCTCCTCAATGT,46,
Ots_101119-381,NC_037127.1:21772741-21772833,,GTG ACT GGA GTT CAG ACG TGT GCT CTT CCG ATC TGG ACA GGT TGC TTG CAC C,CGA CAG GTT CAG AGT TCT ACA GTC CGA CGA TCC CAG GTT TCT TTA GCC TAC TTA TTC TTT ACA TTT C,GGACAGGTTGCTTGCACCTACTACATATAGCTACTGCCACATGATAATTGATAACATTGAAATGTAAAGAATAAGTAGGCTAAAGAAACCTGG,GGACAGGTTGCTTGCACCTACTACATATAGCTACTGCCACATGATAATTGATAACATTGAAATGTAAAGAATAAGTAGGCTAAAGAAACCTGG,"23, 44",
Ots_101704-143,NC_037104.1:21039349-21039428,,GTG ACT GGA GTT CAG ACG TGT GCT CTT CCG ATC TCG TGT CCA GAG ATA AAC TAG TGG A,CGA CAG GTT CAG AGT TCT ACA GTC CGA CGA TCG GGT GTT GTC AGG CAA AAC CA,GGGTGTTGTCAGGCAAAACCACGACTTAGACGTCAGAGGTCCTTCTCTTGATCTCCTCCACTAGTTTATCTCTGGACACG,GGGTGTTGTCAGGCAAAACCACGACTTAGACGTCAGAGGTCCTTCTCTTGATCTCCTCCACTAGTTTATCTCTGGACACG,"35, 36",
Ots_102213-210,NC_037104.1:26477240-26477350,,GTG ACT GGA GTT CAG ACG TGT GCT CTT CCG ATC TGA GTA TCT CAA TTG CAA CAC TAT GGT,CGA CAG GTT CAG AGT TCT ACA GTC CGA CGA TCA CAT TCC ATG ACA ATG ATT GAA ATC TAA AAA CAC A,ACATTCCATGACAATGATTGAAATCTAAAAACACATTAATTCAATATTAATACTCTTACTGTATACAGTACAAGAATGAAAACATACCATAGTGTTGCAATTGAGATACTC,ACATTCCATGACAATGATTGAAATCTAAAAACACATTAATTCAATATTAATACTCTTACTGTATACAGTACAAGAATGAAAACATACCATAGTGTTGCAATTGAGATACTC,"38, 52, 68",
Ots_102414-395,NC_037106.1:21873159-21873256,,GTG ACT GGA GTT CAG ACG TGT GCT CTT CCG ATC TAC ACA ATA ACA AAC AAG CTA GGA ACA,CGA CAG GTT CAG AGT TCT ACA GTC CGA CGA TCG CCT ACT GAT AAA TGT ATG ACA GTA ATG GAC A,GCCTACTGATAAATGTATGACAGTAATGGACACCKCCAGTTCTGTAGTAAAGCTACACTATGTGCACACTTTTGTTCCTAGCTTGTTTGTTATTGTGT,GCCTACTGATAAATGTATGACAGTAATGGACACCKCCAGTTCTGTAGTAAAGCTACACTATGTGCACACTTTTGTTCCTAGCTTGTTTGTTATTGTGT,"50, 60",
Ots_102457-132,NC_037105.1:26992650-26992731,,GTG ACT GGA GTT CAG ACG TGT GCT CTT CCG ATC TCG GCG AAA CCC TCC CTA,CGA CAG GTT CAG AGT TCT ACA GTC CGA CGA TCA GAG ACT GGG TTC ACG ACC G,AGAGACTGGGTTCACGACCGGGAGGTCCGTGGGGCAACGCACAATTGGCTTAGCGTCGTCCGGGATAGGGAGGGTTTCGCCG,AGAGACTGGGTTCACGACCGGGAGGTCCGTGGGGCAACGCACAATTGGCTTAGCGTCGTCCGGGATAGGGAGGGTTTCGCCG,"21, 25, 29, 32, 36, 38, 48, 50, 55, 56, 58, 61, 65",
Ots_102801-308,NC_037111.1:19904321-19904442,,GTG ACT GGA GTT CAG ACG TGT GCT CTT CCG ATC TTG GGA ATT GAC AGG TGT TTT TAG C,CGA CAG GTT CAG AGT TCT ACA GTC CGA CGA TCG GCC AGT TTT CTG GAC CCA AA,TGGGAATTGACAGGTGTTTTTAGCAGAACTGAAAGGGACAGTTTCGCAGACGAAGATTGATCCCATACTAATAGACTAAAACACATCTTCAGTTAAGCATCTTTGGGTCCAGAAAACTGGCC,TGGGAATTGACAGGTGTTTTTAGCAGAACTGAAAGGGACAGTTTCGCAGACGAAGATTGATCCCATACTAATAGACTAAAACACATCTTCAGTTAAGCATCTTTGGGTCCAGAAAACTGGCC,"29, 34, 38, 45, 46, 87",
Ots_102867-609,NC_037108.1:21101708-21101788,,GTG ACT GGA GTT CAG ACG TGT GCT CTT CCG ATC TTG GAC TCT CTG CCA TTC ATT TG,CGA CAG GTT CAG AGT TCT ACA GTC CGA CGA TCT GCG TCT AAA GTG GTC CCC TT,TGGACTCTCTGCCATTCATTTGGGCTTTGCACCTGGGACTTCTCTCTGTCCAGCCCATCCAAGGGGACCACTTTAGACGCA,TGGACTCTCTGCCATTCATTTGGGCTTTGCACCTGGGACTTCTCTCTGTCCAGCCCATCCAAGGGGACCACTTTAGACGCA,38,
Ots_103041-52,NC_037104.1:15518087-15518165,,GTG ACT GGA GTT CAG ACG TGT GCT CTT CCG ATC TTC GAC ATC ACC ACC CAC C,CGA CAG GTT CAG AGT TCT ACA GTC CGA CGA TCG TGT AGG CCT CCA GAC AGA GAA,TCGACATCACCACCCACCTCCTCAGAGGCATCCTGCTGGACCCCCAGTGTCCCGACTTTCTCTGTCTGGAGGCCTACAC,TCGACATCACCACCCACCTCCTCAGAGGCATCCTGCTGGACCCCCAGTGTCCCGACTTTCTCTGTCTGGAGGCCTACAC,"36, 54",
Ots_104063-132,NC_037111.1:2747218-2747299,,GTG ACT GGA GTT CAG ACG TGT GCT CTT CCG ATC TAA GGA CGA TGT TGA AGT CAA CC,CGA CAG GTT CAG AGT TCT ACA GTC CGA CGA TCC GAA AGT AAG TAG CGT TAC TGG T,CGAAAGTAAGTAGCGTTACTGGTGTTATAAACGTTAGCTAGCTATGTGCTAAGGACGAAAGGTTGACTTCAACATCGTCCTT,CGAAAGTAAGTAGCGTTACTGGTGTTATAAACGTTAGCTAGCTATGTGCTAAGGACGAAAGGTTGACTTCAACATCGTCCTT,"26, 49, 51, 52",
Ots_104569-86,NC_037111.1:23085722-23085799,,GTG ACT GGA GTT CAG ACG TGT GCT CTT CCG ATC TAC CTC CAC TTT CTT CCT GTC C,CGA CAG GTT CAG AGT TCT ACA GTC CGA CGA TCG GCC GGA GGG ATC ACG TC,ACCTCCACTTTCTTCCTGTCCTGCATGTTGTTCACGTTGTCCGAGATGGTCGCAGATGCCGACGTGATCCCTCCGGCC,ACCTCCACTTTCTTCCTGTCCTGCATGTTGTTCACGTTGTCCGAGATGGTCGCAGATGCCGACGTGATCCCTCCGGCC,"39, 54, 57",
Ots_105105-613,NC_037103.1:77202075-77202159,,GTG ACT GGA GTT CAG ACG TGT GCT CTT CCG ATC TCA GAG AAT GAC ATC ATG CCT CA,CGA CAG GTT CAG AGT TCT ACA GTC CGA CGA TCC CAT ATA TCT TTT AAC TTT AAG CTA CAA AGT CCT CCT,CAGAGAATGACATCATGCCTCATCAACTCATGATTCCGAGCTTGAGTTAGGAGGACTTTGTAGCTTAAAGTTAAAAGATATATGG,CAGAGAATGACATCATGCCTCATCAACTCATGATTCCGAGCTTGAGTTAGGAGGACTTTGTAGCTTAAAGTTAAAAGATATATGG,46,
Ots_105132-200,NC_037117.1:11798973-11799088,,GTG ACT GGA GTT CAG ACG TGT GCT CTT CCG ATC TCA TGT CAA ACA CGA TGT ACT GAG G,CGA CAG GTT CAG AGT TCT ACA GTC CGA CGA TCC AAG GCA ACC AGT TGA GTG GA,CATGTCAAACACGATGTACTGAGGGCAGTGTCTGCAGGTTTTTATGCCACTCTTGTACTTTATTGATGAATTAAGGTCAATGATTATTAAGGAACTCCACTCAACTGGTTGCCTTG,CATGTCAAACACGATGTACTGAGGGCAGTGTCTGCAGGTTTTTATGCCACTCTTGTACTTTATTGATGAATTAAGGTCAATGATTATTAAGGAACTCCACTCAACTGGTTGCCTTG,"46, 86",
Ots_105401-325,NC_037100.1:13969466-13969534,NC_037100.1:18305224-18305292,GTG ACT GGA GTT CAG ACG TGT GCT CTT CCG ATC TCC AAG TGA TGA TAC GTC GCC,CGA CAG GTT CAG AGT TCT ACA GTC CGA CGA TCG CAG GGA GCC CGG ACA,GCAGGGAGCCCGGACAAGATGAGACAGTTACAGAGGATAGACACCAGGAGGCGACGTATCATCACTTGG,GCAGGGAGCCCGGACAAGATGAGACAGTTACAGAGGATAGACACCAGGAGGCGACGTATCATCACTTGG,26,"Mapping to the alternate genome location indicates a SNP in the section of the sequence corresponding to where the reverse primer would sit down, so may not amplify, or if it does, may not amplify as well as amplicon at listed genome location."
Ots_105407-117,NC_037098.1:37138805-37138900,,GTG ACT GGA GTT CAG ACG TGT GCT CTT CCG ATC TGT GTA CAT CCG CGT AAA TAT TGA AGA,CGA CAG GTT CAG AGT TCT ACA GTC CGA CGA TCG TGA GCT GCT GCA AAC CCT,GTGTACATCCGCGTAAATATTGAAGATAATCAGAGGTTTTATGGGTTCAGGTTAGGAATGGTTGATGAAGAGTTGGGAGGGTTTGCAGCAGCTCAC,GTGTACATCCGCGTAAATATTGAAGATAATCAGAGGTTTTATGGGTTCAGGTTAGGAATGGTTGATGAAGAGTTGGGAGGGTTTGCAGCAGCTCAC,"58, 65, 76",
Ots_106499-70,NC_037129.1:37411423-37411504,,GTG ACT GGA GTT CAG ACG TGT GCT CTT CCG ATC TCT CTA TCA TCG GCA GGA CCA,CGA CAG GTT CAG AGT TCT ACA GTC CGA CGA TCG AAA CCG TAA GTG TGG TTG TGT TCA,CTCTATCATCGGCAGGACCATGGTGGTAAGACTCATTTTTCAGAATTGTATTCTTAATGAACACAACCACACTTACGGTTTC,CTCTATCATCGGCAGGACCATGGTGGTAAGACTCATTTTTCAGAATTGTATTCTTAATGAACACAACCACACTTACGGTTTC,"33, 48, 54",
Ots_106747-239,NC_037120.1:9568084-9568167,,GTG ACT GGA GTT CAG ACG TGT GCT CTT CCG ATC TGG AGT TTT ACA TTG TAG TTA GAC CCA,CGA CAG GTT CAG AGT TCT ACA GTC CGA CGA TCC GCA TCG AGG ATG CCT CAA A,CGCATCGAGGATGCCTCAAAGACATCCAACGGCCCGCGGTGAGTATGATGACTGGTGGTGGGTCTAACTACAATGTAAAACTCC,CGCATCGAGGATGCCTCAAAGACATCCAACGGCCCGCGGTGAGTATGATGACTGGTGGTGGGTCTAACTACAATGTAAAACTCC,38,
Ots_107074-284,NC_037121.1:8142815-8142893,,GTG ACT GGA GTT CAG ACG TGT GCT CTT CCG ATC TGG TTC TAA TCC ATC TTT TCC ATG GC,CGA CAG GTT CAG AGT TCT ACA GTC CGA CGA TCT CCA GAG CCT GAA GCC CC,TCCAGAGCCTGAAGCCCCAGGGCTACCAGGTGCAGCTACGGTACAGTACACACAGCCATGGAAAAGATGGATTAGAACC,TCCAGAGCCTGAAGCCCCAGGGCTACCAGGTGCAGCTACGGTACAGTACACACAGCCATGGAAAAGATGGATTAGAACC,34,
Ots_107285-93,NC_037100.1:6690851-6690949,,GTG ACT GGA GTT CAG ACG TGT GCT CTT CCG ATC TGC CCT TGT GAC AAT GCA CT,CGA CAG GTT CAG AGT TCT ACA GTC CGA CGA TCC TAA ACA TAC ACC AAT ACT TAG GTC TAG ACA GTG,GCCCTTGTGACAATGCACTGTTATAATGGTATGAAACAAGGTCAAAAGTAACGTATCAAATGGCACACTGTCTAGACCTAAGTATTGGTGTATGTTTAG,GCCCTTGTGACAATGCACTGTTATAATGGTATGAAACAAGGTCAAAAGTAACGTATCAAATGGCACACTGTCTAGACCTAAGTATTGGTGTATGTTTAG,"43, 56, 59, 65",
Ots_107806-821,NC_037097.1:56999714-56999800,,GTG ACT GGA GTT CAG ACG TGT GCT CTT CCG ATC TAA GGT GAG CAC ATC AGC AA,CGA CAG GTT CAG AGT TCT ACA GTC CGA CGA TCC AAA TTT GCA GTG CTG AAT TAG AGA TTA ATT TTT GT,AAGGTGAGCACATCAGCAAAGAAAATCAAAATTTATTCTCTCACATTTTCCACAAAAATTAATCTCTAATTCAGCACTGCAAATTTG,AAGGTGAGCACATCAGCAAAGAAAATCAAAATTTATTCTCTCACATTTTCCACAAAAATTAATCTCTAATTCAGCACTGCAAATTTG,"23, 28, 30, 33",
Ots_108007-208,NC_037106.1:25247805-25247881,,GTG ACT GGA GTT CAG ACG TGT GCT CTT CCG ATC TTG GAC AAG ACC GGG TAG TC,CGA CAG GTT CAG AGT TCT ACA GTC CGA CGA TCC CCA GGC TTG TGT TAA GTA GGG A,CCCAGGCTTGTGTTAAGTAGGGAGAAAACATTTTAAAATTAAGTGAAACTGGGGAAGGGACTACCCGGTCTTGTCCA,CCCAGGCTTGTGTTAAGTAGGGAGAAAACATTTTAAAATTAAGTGAAACTGGGGAAGGGACTACCCGGTCTTGTCCA,"29, 35",
Ots_108390-329,NW_020142510.1:13983867-13983944,"NC_037125.1:19105838-19105915, NW_020142510.1:567665-567742",GTG ACT GGA GTT CAG ACG TGT GCT CTT CCG ATC TGG AGG TTT GTT ACT GTC ACC C,CGA CAG GTT CAG AGT TCT ACA GTC CGA CGA TCT CCT GCT GTA GCA AAC TGT CTC AA,GGAGGTTTGTTACTGTCACCCATAGAAGTTAAGCTACTTATGTAGGATTTTAATTTGAGACAGTTTGCTACAGCAGGA,GGAGGTTTGTTACTGTCACCCATAGAAGTTAAGCTACTTATGTAGGATTTTAATTTGAGACAGTTTGCTACAGCAGGA,"46, 49, 52",
Ots_109693-392,NC_037127.1:9369335-9369422,,GTG ACT GGA GTT CAG ACG TGT GCT CTT CCG ATC TCC TCA TTC CCA TGT CAT ATC ATC TC,CGA CAG GTT CAG AGT TCT ACA GTC CGA CGA TCA GGC CTT TCT GGG GAA CGT AT,CCTCATTCCCATGTCATATCATCTCTCTCTGCCTCCGTTAGTTCATCCTGGCACCCACACTCACCTGATACGTTCCCCAGAAAGGCCT,CCTCATTCCCATGTCATATCATCTCTCTCTGCCTCCGTTAGTTCATCCTGGCACCCACACTCACCTGATACGTTCCCCAGAAAGGCCT,"44, 45",
Ots_110064-383,NW_020142520.1:1060565-1060664,,GTG ACT GGA GTT CAG ACG TGT GCT CTT CCG ATC TCT GAA CTG ACA CTG AAG AAC AAA GA,CGA CAG GTT CAG AGT TCT ACA GTC CGA CGA TCG CAA GGG ACC TAG CTA ATC CCT A,CTGAACTGACACTGAAGAACAAAGAATGTTAAACACCAAACAGGAAATGAAAAGCTAACGTTCATTACGTAGCCTTCTAGGGATTAGCTAGGTCCCTTGC,CTGAACTGACACTGAAGAACAAAGAATGTTAAACACCAAACAGGAAATGAAAAGCTAACGTTCATTACGTAGCCTTCTAGGGATTAGCTAGGTCCCTTGC,"47, 49, 59, 77",
Ots_110495-380,NC_037106.1:41631448-41631511,,GTG ACT GGA GTT CAG ACG TGT GCT CTT CCG ATC TGG TTG CCT AGG TAT GTA CGA AAC,CGA CAG GTT CAG AGT TCT ACA GTC CGA CGA TCC GCA TGC CGA TGG CCC,GGTTGCCTAGGTATGTACGAAACTTCACAGGAAAACCCCCATAGACAGGGGCCATCGGCATGCG,GGTTGCCTAGGTATGTACGAAACTTCACAGGAAAACCCCCATAGACAGGGGCCATCGGCATGCG,44,
Ots_110551-64,NC_037118.1:15838294-15838363,NW_020142581.1:1270057-1270126,GTG ACT GGA GTT CAG ACG TGT GCT CTT CCG ATC TGA ACT GTT AGA AAT GGA CAG ACA CA,CGA CAG GTT CAG AGT TCT ACA GTC CGA CGA TCG TTT CAG TTT CTG GGG ACG CT,GTTTCAGTTTCTGGGGACGCTCGGAACATTGGCTGGGTTTGACCTTGTGTCTGTCCATTTCTAACAGTTC,GTTTCAGTTTCTGGGGACGCTCGGAACATTGGCTGGGTTTGACCTTGTGTCTGTCCATTTCTAACAGTTC,23,
OkiOts_120255-113,NC_037101.1:38435676-38435766,NW_020142510.1:9614024-9614114,GTG ACT GGA GTT CAG ACG TGT GCT CTT CCG ATC TAG GGT GGA ATT GAA GTT AGC TAT CTA,CGA CAG GTT CAG AGT TCT ACA GTC CGA CGA TCG GCT AAA ACT AAA TTA CTC AAA TGA CTA AAA CGT CAG,GGCTAAAACTAAATTACTCAAATGACTAAAACGTCAGTTACTGGGGTAGCTTCATGGCATAGTCATAGATAGCTAACTTCAATTCCACCCT,GGCTAAAACTAAATTACTCAAATGACTAAAACGTCAGTTACTGGGGTAGCTTCATGGCATAGTCATAGATAGCTAACTTCAATTCCACCCT,"49, 54",
Ots_111312-435,NC_037098.1:43802445-43802523,,GTG ACT GGA GTT CAG ACG TGT GCT CTT CCG ATC TAC ACA GCT TTC ATG GTC TTT ATC C,CGA CAG GTT CAG AGT TCT ACA GTC CGA CGA TCA CCC ATG CGC CTT TGA GGA,ACCCATGCGCCTTTGAGGAAATTAAATGTGACCTCTAGGTATGAGTTGTAGGGGGGATAAAGACCATGAAAGCTGTGT,ACCCATGCGCCTTTGAGGAAATTAAATGTGACCTCTAGGTATGAGTTGTAGGGGGGATAAAGACCATGAAAGCTGTGT,32,
Ots_111666-408,NC_037105.1:83075435-83075544,,GTG ACT GGA GTT CAG ACG TGT GCT CTT CCG ATC TCT AAT GTT AAG CTC ATG ATA CAT GTA TGA GT,CGA CAG GTT CAG AGT TCT ACA GTC CGA CGA TCG GGA TTG GTA CAT CCA TTT TTG TAT CCA T,GGGATTGGTACATCCATTTTTGTATCCATATTTTTAACTAGTGATACTATTAGATCACTATTTACTCTTGAAGAATATAACTCATACATGTATCATGAGCTTAACATTAG,GGGATTGGTACATCCATTTTTGTATCCATATTTTTAACTAGTGATACTATTAGATCACTATTTACTCTTGAAGAATATAACTCATACATGTATCATGAGCTTAACATTAG,"31, 38",
Ots_111681-657,NC_037101.1:9439699-9439777,,GTG ACT GGA GTT CAG ACG TGT GCT CTT CCG ATC TCA TGA GGA ACG GCG CA,CGA CAG GTT CAG AGT TCT ACA GTC CGA CGA TCC TTT TTC AAC TTA CTT GTT GGA TAG CGG G,CTTTTTCAACTTACTTGTTGGATAGCGGGGTTCGGGGTTTGCGCTATACCATGCAGTTGCTGCTGCGCCGTTCCTCATG,CTTTTTCAACTTACTTGTTGGATAGCGGGGTTCGGGGTTTGCGCTATACCATGCAGTTGCTGCTGCGCCGTTCCTCATG,36,
Ots_112301-43,NC_037099.1:33896866-33896942,,GTG ACT GGA GTT CAG ACG TGT GCT CTT CCG ATC TCC TGT TTC ACT CTG TTC AGA ACA T,CGA CAG GTT CAG AGT TCT ACA GTC CGA CGA TCA GCA TGG CTG CCC TAG AAC A,AGCATGGCTGCCCTAGAACAGCGTCGCATTCAGCCGACACGAAGCTGAAGGAAATGTTCTGAACAGAGTGAAACAGG,AGCATGGCTGCCCTAGAACAGCGTCGCATTCAGCCGACACGAAGCTGAAGGAAATGTTCTGAACAGAGTGAAACAGG,"28, 46",
Ots_112419-131,NW_020142512.1:2606235-2606332,NW_020142512.1:1226771-1226868,GTG ACT GGA GTT CAG ACG TGT GCT CTT CCG ATC TTG GCA GTG TTT TCA ACT AGC TT,CGA CAG GTT CAG AGT TCT ACA GTC CGA CGA TCT CGG TGG GTA ATC GAT GCC A,TCGGTGGGTAATCGATGCCAAAGAGATTTTATTTTGTGACGATAATCAAGTCGCTTCCTTTTAAAATGTTTTTTCAAAGCTAGTTGAAAACACTGCCA,TCGGTGGGTAATCGATGCCAAAGAGATTTTATTTTGTGACGATAATCAAGTCGCTTCCTTTTAAAATGTTTTTTCAAAGCTAGTTGAAAACACTGCCA,"49, 52",
Ots_112820-284,NC_037106.1:18438010-18438134,,GTG ACT GGA GTT CAG ACG TGT GCT CTT CCG ATC TGG TCT CCT ATA TAA TTT GGT TTG TGT ACA,CGA CAG GTT CAG AGT TCT ACA GTC CGA CGA TCG GGG CAT CCA AAA AGA CGT GT,GGTCTCCTATATAATTTGGTTTGTGTACATAGATGTTTATATGAAAAACCTCCCACTGTATATAGTCACTCGAGTGTGAGTATTTTACACTAATATGAAAACACACACGTCTTTTTGGATGCCCC,GGTCTCCTATATAATTTGGTTTGTGTACATAGATGTTTATATGAAAAACCTCCCACTGTATATAGTCACTCGAGTGTGAGTATTTTACACTAATATGAAAACACACACGTCTTTTTGGATGCCCC,"71, 78, 91",
Ots_112876-371,NC_037122.1:30204875-30204958,,GTG ACT GGA GTT CAG ACG TGT GCT CTT CCG ATC TGC CTG GAC CTT CAA TCA TCA,CGA CAG GTT CAG AGT TCT ACA GTC CGA CGA TCG CCT ACA GCA AAT TCA GCT ACA CA,GCCTACAGCAAATTCAGCTACACATACATTCCTCACATCACAACGATGTGTGCTCAGTCAAGCTGTGATGATTGAAGGTCCAGGC,GCCTACAGCAAATTCAGCTACACATACATTCCTCACATCACAACGATGTGTGCTCAGTCAAGCTGTGATGATTGAAGGTCCAGGC,"45, 48, 50","While part of the amplicon sequence maps to two additional locations in the genome (NC_037122.1:30190756-30190826, NW_020135121.1:5094-5164), because only part of it maps it is unlikely that these secondary locations are amplified"
Ots_113242-216,NC_037127.1:31396992-31397069,,GTG ACT GGA GTT CAG ACG TGT GCT CTT CCG ATC TTG GTT GAC ATC TTC AAC AAG TGT TC,CGA CAG GTT CAG AGT TCT ACA GTC CGA CGA TCG GAG GCC TAA TGT CTC TTG TGA CT,GGAGGCCTAATGTCTCTTGTGACTGGTTCTCCGTTGGTAATGGACGGGTGAATGAACACTTGTTGAAGATGTCAACCA,GGAGGCCTAATGTCTCTTGTGACTGGTTCTCCGTTGGTAATGGACGGGTGAATGAACACTTGTTGAAGATGTCAACCA,"32, 45",
Ots_117043-255,NC_037100.1:19347718-19347809,"NW_020128841.1:822680-822771, NC_037100.1:14874152-14874243",GTG ACT GGA GTT CAG ACG TGT GCT CTT CCG ATC TTC TCA ATC TTG ACA CAA ACT GGC,CGA CAG GTT CAG AGT TCT ACA GTC CGA CGA TCG GTC TTC CCC CTT AAT GTC TCC A,TCTCAATCTTGACACAAACTGGCTAAACGTCAGAATGGATTCTGAAACACCACGAGAACAGATCGATAGTGGAGACATTAAGGGGGAAGACC,TCTCAATCTTGACACAAACTGGCTAAACGTCAGAATGGATTCTGAAACACCACGAGAACAGATCGATAGTGGAGACATTAAGGGGGAAGACC,38,
Ots_117242-136,NC_037112.1:29941899-29941996,,GTG ACT GGA GTT CAG ACG TGT GCT CTT CCG ATC TAG ACA GAA ATA GTG ACA GGA GAC A,CGA CAG GTT CAG AGT TCT ACA GTC CGA CGA TCA CCT CCT GGT CCT CCC TGT,AGACAGAAATAGTGACAGGAGACAGAAAGAGACATTTGAGGTCAAGTTATGTGCTGTATAGCTTCAATAGTAGATAGAGACAGGGAGGACCAGGAGGT,AGACAGAAATAGTGACAGGAGACAGAAAGAGACATTTGAGGTCAAGTTATGTGCTGTATAGCTTCAATAGTAGATAGAGACAGGGAGGACCAGGAGGT,"45, 60, 67",
Ots_117432-409,NC_037125.1:25338435-25338509,,GTG ACT GGA GTT CAG ACG TGT GCT CTT CCG ATC TCT GGT GTT GAA CCT GTC ACT C,CGA CAG GTT CAG AGT TCT ACA GTC CGA CGA TCT GCC TCT TCT GTG TCC GGC,TGCCTCTTCTGTGTCCGGCGGTGCTGTTATAGAGCAAAGTCTAAACGGAAGACAGAGTGACAGGTTCAACACCAG,TGCCTCTTCTGTGTCCGGCGGTGCTGTTATAGAGCAAAGTCTAAACGGAAGACAGAGTGACAGGTTCAACACCAG,"31, 38",
Ots_118175-479,NC_037128.1:7631542-7631622,,GTG ACT GGA GTT CAG ACG TGT GCT CTT CCG ATC TAG GAA ACA ACT TAT GTT TGG GGA C,CGA CAG GTT CAG AGT TCT ACA GTC CGA CGA TCG AGG TTG CGC GTC TCA TTC AA,GAGGTTGCGCGTCTCATTCAACCATTTCTTTTCACTTCATTCTCCCTCTTGATTTGGGTCCCCAAACATAAGTTGTTTCCT,GAGGTTGCGCGTCTCATTCAACCATTTCTTTTCACTTCATTCTCCCTCTTGATTTGGGTCCCCAAACATAAGTTGTTTCCT,"33, 45, 57",
Ots_118205-61,NC_037129.1:25833074-25833149,,GTG ACT GGA GTT CAG ACG TGT GCT CTT CCG ATC TGC CAG TCC AGG TGG CA,CGA CAG GTT CAG AGT TCT ACA GTC CGA CGA TCC AGC ACT GCA TCC TCA GCA,GCCAGTCCAGGTGGCAGCCCCCATAGTAGCCCCTACACCTCACCCAGCCCTGTCCAGTGCTGAGGATGCAGTGCTG,GCCAGTCCAGGTGGCAGCCCCCATAGTAGCCCCTACACCTCACCCAGCCCTGTCCAGTGCTGAGGATGCAGTGCTG,35,
Ots_118938-325,NC_037099.1:48430209-48430286,,GTG ACT GGA GTT CAG ACG TGT GCT CTT CCG ATC TAA GTG GTC TGT CCC TCA TTC T,CGA CAG GTT CAG AGT TCT ACA GTC CGA CGA TCT CAA ACA GGC ATT TAT CAT TGG TGA AAA ACT,TCAAACAGGCATTTATCATTGGTGAAAAACTCCACTTTGCATCTCTCTCTCGTGCAAAGAATGAGGGACAGACCACTT,TCAAACAGGCATTTATCATTGGTGAAAAACTCCACTTTGCATCTCTCTCTCGTGCAAAGAATGAGGGACAGACCACTT,"35, 39, 44, 51",
Ots_122414-56,NC_037124.1:28489739-28489823,,GTG ACT GGA GTT CAG ACG TGT GCT CTT CCG ATC TCG TGC ATG GAT TTC CTT TGT G,CGA CAG GTT CAG AGT TCT ACA GTC CGA CGA TCG GTC GGA TGA TGA CAT GCA CC,GGTCGGATGATGACATGCACCGTATCAACGAGCTCATACAGGTCAGAGGTCATACACGCAACAACACAAAGGAAATCCATGCACG,GGTCGGATGATGACATGCACCGTATCAACGAGCTCATACAGGTCAGAGGTCATACACGCAACAACACAAAGGAAATCCATGCACG,44,
Ots_123048-521,NC_037118.1:9478436-9478521,,GTG ACT GGA GTT CAG ACG TGT GCT CTT CCG ATC TCA CCA AAC ACA CCC TTC CAT,CGA CAG GTT CAG AGT TCT ACA GTC CGA CGA TCC CTC AAC AGT GCA CCT CCC,CCTCAACAGTGCACCTCCCTTAATTAAACTACTGGAAGTACTGAGTTGGATGTGATGGCAGAGATTATGGAAGGGTGTGTTTGGTG,CCTCAACAGTGCACCTCCCTTAATTAAACTACTGGAAGTACTGAGTTGGATGTGATGGCAGAGATTATGGAAGGGTGTGTTTGGTG,44,
Ots_123921-111,NC_037114.1:24755275-24755371,NC_037114.1:22059192-22059288,GTG ACT GGA GTT CAG ACG TGT GCT CTT CCG ATC TAG CAT GGC GCT TGC AC,CGA CAG GTT CAG AGT TCT ACA GTC CGA CGA TCG CTG AGA GGG CTG CTG CT,GCTGAGAGGGCTGCTGCTCCAGCTGTGAGATAATATATGCCATTTAGCAGAGTCATGTGTGCATACATTAGTCATGTAGAGGTGCAAGCGCCATGCT,GCTGAGAGGGCTGCTGCTCCAGCTGTGAGATAATATATGCCATTTAGCAGAGTCATGTGTGCATACATTAGTCATGTAGAGGTGCAAGCGCCATGCT,"20, 37, 40, 42, 80","Mapping to the alternate genome location indicates a SNP in the section of the sequence corresponding to where the reverse primer would sit down, so may not amplify, or if it does, may not amplify as well as amplicon at listed genome location."
Ots_124774-477,NC_037111.1:10921396-10921459,,GTG ACT GGA GTT CAG ACG TGT GCT CTT CCG ATC TCC ATT CCA ATA GTA CCA CCG C,CGA CAG GTT CAG AGT TCT ACA GTC CGA CGA TCG GCC AAA TAA AAA CAA AGC ATG AAC ACA,CCATTCCAATAGTACCACCGCCATCTGATATATTTTTGTGTTCATGCTTTGTTTTTATTTGGCC,CCATTCCAATAGTACCACCGCCATCTGATATATTTTTGTGTTCATGCTTTGTTTTTATTTGGCC,"23, 28, 34",
Ots_127236-62,NC_037101.1:61558009-61558123,,GTG ACT GGA GTT CAG ACG TGT GCT CTT CCG ATC TGC ACT GAA TGT GAA AGT AGT CTG A,CGA CAG GTT CAG AGT TCT ACA GTC CGA CGA TCG GGA GTG TCT GCA TTT GCT GT,GCACTGAATGTGAAAGTAGTCTGACATTGTGAGGTCTCTTATCTGAGTTCTGCATTTAAAGTGCCTTTCTGTAATTTGTTAAAGTCAAGGTCCAACAGCAAATGCAGACACTCCC,GCACTGAATGTGAAAGTAGTCTGACATTGTGAGGTCTCTTATCTGAGTTCTGCATTTAAAGTGCCTTTCTGTAATTTGTTAAAGTCAAGGTCCAACAGCAAATGCAGACACTCCC,"44, 46, 77",
Ots_128302-57,NC_037098.1:34870352-34870430,,GTG ACT GGA GTT CAG ACG TGT GCT CTT CCG ATC TCC TCT TTG CAA GTG ACC CAC,CGA CAG GTT CAG AGT TCT ACA GTC CGA CGA TCG TTG CAG GGC AGA ACT GTG T,GTTGCAGGGCAGAACTGTGTTGGTCGTATTGCAGGTAAGGAAAATGGGTTATTGGATGGGTGGGTCACTTGCAAAGAGG,GTTGCAGGGCAGAACTGTGTTGGTCGTATTGCAGGTAAGGAAAATGGGTTATTGGATGGGTGGGTCACTTGCAAAGAGG,"25, 46",
Ots_128693-461,NC_037101.1:15919016-15919096,,GTG ACT GGA GTT CAG ACG TGT GCT CTT CCG ATC TAG TGA ATT GAA ATG GAA TGG ACC,CGA CAG GTT CAG AGT TCT ACA GTC CGA CGA TCT GGA ACG CCT GCA GGA GA,AGTGAATTGAAATGGAATGGACCCCAATCCTGCCTTGGGTACCAGCTGAGTGTAACTCTACCTTCTCCTGCAGGCGTTCCA,AGTGAATTGAAATGGAATGGACCCCAATCCTGCCTTGGGTACCAGCTGAGTGTAACTCTACCTTCTCCTGCAGGCGTTCCA,"28, 36, 42, 46",
Ots_128757-61,NC_037103.1:6643791-6643881,,GTG ACT GGA GTT CAG ACG TGT GCT CTT CCG ATC TGG GTA TGT TAA TCA TAT TAC CAG CGT,CGA CAG GTT CAG AGT TCT ACA GTC CGA CGA TCC CTC AAT CGT GTC CGG CTT C,CCTCAATCGTGTCCGGCTTCTTTTATTTCATTTTTGGGGAAAATGCACAACCTTTTTTTGTTTTTACGCTGGTAATATGATTAACATACCC,CCTCAATCGTGTCCGGCTTCTTTTATTTCATTTTTGGGGAAAATGCACAACCTTTTTTTGTTTTTACGCTGGTAATATGATTAACATACCC,"35, 39, 40",
Ots_129144-472,NC_037106.1:30541662-30541735,,GTG ACT GGA GTT CAG ACG TGT GCT CTT CCG ATC TCT GTT AGT GCA GAA GAC GTA GC,CGA CAG GTT CAG AGT TCT ACA GTC CGA CGA TCA GCT GCA GAG CTA TTG AGC CAA,CTGTTAGTGCAGAAGACGTAGCTGTGGCTGGGTCTCGAGCCTGTATTGTAACTTGGCTCAATAGCTCTGCAGCT,CTGTTAGTGCAGAAGACGTAGCTGTGGCTGGGTCTCGAGCCTGTATTGTAACTTGGCTCAATAGCTCTGCAGCT,39,
Ots_129170-683,NC_037104.1:47390768-47390863,,GTG ACT GGA GTT CAG ACG TGT GCT CTT CCG ATC TGA GAC TCA TAG AAC CCT ATG GGA,CGA CAG GTT CAG AGT TCT ACA GTC CGA CGA TCA CAG CTA GGA GTT CTC AAA AGG GTT,GAGACTCATAGAACCCTATGGGAACTCGTAGAACTATATTAGAACTCGTAGAACTATATTAGAACTCATAGAACCCTTTTGAGAACTCCTAGCTGT,GAGACTCATAGAACCCTATGGGAACTCGTAGAACTATATTAGAACTCGTAGAACTATATTAGAACTCATAGAACCCTTTTGAGAACTCCTAGCTGT,"27, 28, 48, 51, 60, 62",
Ots_129458-451,NC_037097.1:15863081-15863173,,GTG ACT GGA GTT CAG ACG TGT GCT CTT CCG ATC TGC AAA GTG GGA CCC ACA TAA A,CGA CAG GTT CAG AGT TCT ACA GTC CGA CGA TCG TGA CAT AAG ACC CAT TTA GCC CC,GCAAAGTGGGACCCACATAAAGCAACTGGACATCTGGCAATGCCTTTTGGAACTAAACAAACAAAAAAAGGGGCTAAATGGGTCTTATGTCAC,GCAAAGTGGGACCCACATAAAGCAACTGGACATCTGGCAATGCCTTTTGGAACTAAACAAACAAAAAAAGGGGCTAAATGGGTCTTATGTCAC,40,
Ots_130720-99,NC_037126.1:24569201-24569302,,GTG ACT GGA GTT CAG ACG TGT GCT CTT CCG ATC TCC TGT AAA CGA CGT GCT TGC,CGA CAG GTT CAG AGT TCT ACA GTC CGA CGA TCA CGG TCA TTG TAA ATG TCA ACG GTT TTT,ACGGTCATTGTAAATGTCAACGGTTTTTATTTTCGATATGGGGGAGGGGTGGGAATGAGACAGGTTACTACACCAAGAACATGCAAGCACGTCGTTTACAGG,ACGGTCATTGTAAATGTCAACGGTTTTTATTTTCGATATGGGGGAGGGGTGGGAATGAGACAGGTTACTACACCAAGAACATGCAAGCACGTCGTTTACAGG,"36, 56, 58",
Ots_131460-584,NC_037103.1:42945100-42945182,,GTG ACT GGA GTT CAG ACG TGT GCT CTT CCG ATC TAT AGG TCA TAG TGA ATG GGA TAG CT,CGA CAG GTT CAG AGT TCT ACA GTC CGA CGA TCT GTA CTC CTC CAT TCC TTT TCA CTT TCT,ATAGGTCATAGTGAATGGGATAGCTATCAAAGCAATACATTGTGAACCTTTTATTAGAAAGTGAAAAGGAATGGAGGAGTACA,ATAGGTCATAGTGAATGGGATAGCTATCAAAGCAATACATTGTGAACCTTTTATTAGAAAGTGAAAAGGAATGGAGGAGTACA,"35, 37, 44, 48, 52",
Ots_AldB1-122,NC_037117.1:6480131-6480215,,GTG ACT GGA GTT CAG ACG TGT GCT CTT CCG ATC TCA GGC CAC CAC TAC TTG C,CGA CAG GTT CAG AGT TCT ACA GTC CGA CGA TCC TGG CCA TGG AGG ACT GGA,CTGGCCATGGAGGACTGGATGAATGGGGTGGAAAGGGTGTTGGCGAAGTGGGTGTTGTATTTTCTCAGCAAGTAGTGGTGGCCTG,CTGGCCATGGAGGACTGGATGAATGGGGTGGAAAGGGTGTTGGCGAAGTGGGTGTTGTATTTTCTCAGCAAGTAGTGGTGGCCTG,"23, 33, 44, 51, 59",
Ots_AldoB4-183,NC_037117.1:6477084-6477161,,GTG ACT GGA GTT CAG ACG TGT GCT CTT CCG ATC TTT AGT TTT GTG CGT AAA GTC AGG T,CGA CAG GTT CAG AGT TCT ACA GTC CGA CGA TCA TGT CCC AGA GGG GGA AAT TGT,TTAGTTTTGTGCGTAAAGTCAGGTAGTGTATACAGTAGCAGTACTGTGTGTCTATGACAATTTCCCCCTCTGGGACAT,TTAGTTTTGTGCGTAAAGTCAGGTAGTGTATACAGTAGCAGTACTGTGTGTCTATGACAATTTCCCCCTCTGGGACAT,"34, 53, 55",
Ots_NAML12_1-SNP1,NC_037129.1:8523718-8523805,,GTG ACT GGA GTT CAG ACG TGT GCT CTT CCG ATC TCA GTG GAG ACA GCG CC,CGA CAG GTT CAG AGT TCT ACA GTC CGA CGA TCG CCA CCT CAG TTT TAG TGT TAT ATC CCT,GCCACCTCAGTTTTAGTGTTATATCCCTGTATTAAAAATAGCAAAAGAATGAAAATGGTTTAGTGACAGGTTGGCGCTGTCTCCACTG,GCCACCTCAGTTTTAGTGTTATATCCCTGTATTAAAAATAGCAAAAGAATGAAAATGGTTTAGTGACAGGTTGGCGCTGTCTCCACTG,"47, 49, 58, 72",
Ots_AsnRS-60,NC_037105.1:2800000-2800078,,GTG ACT GGA GTT CAG ACG TGT GCT CTT CCG ATC TTG GTT TTT CAG GTC ATG GTT TCC,CGA CAG GTT CAG AGT TCT ACA GTC CGA CGA TCG GAC CGA CGC CTC ACT GA,GGACCGACGCCTCACTGAGTCGGTGAGTCCCCGACCAGCAGAGATCTTACTCTCATGGAAACCATGACCTGAAAAACCA,GGACCGACGCCTCACTGAGTCGGTGAGTCCCCGACCAGCAGAGATCTTACTCTCATGGAAACCATGACCTGAAAAACCA,"32, 53, 56",
Ots_aspat-196,NC_037108.1:68043466-68043541,,GTG ACT GGA GTT CAG ACG TGT GCT CTT CCG ATC TAG GCC TCA AGC CTG AAC A,CGA CAG GTT CAG AGT TCT ACA GTC CGA CGA TCA AAT GTC ATA AGG TAC CGG TGT GGA T,AGGCCTCAAGCCTGAACAGGTACACACAAACGACCACACCCAGTCTTTATATCCACACCGGTACCTTATGACATTT,AGGCCTCAAGCCTGAACAGGTACACACAAACGACCACACCCAGTCTTTATATCCACACCGGTACCTTATGACATTT,43,
Ots_CD59-2,NC_037115.1:9550673-9550765,,GTG ACT GGA GTT CAG ACG TGT GCT CTT CCG ATC TAG ATT TAA ATG TAC ATG TTA CCC AGC T,CGA CAG GTT CAG AGT TCT ACA GTC CGA CGA TCA ACT TTG GAT AAG AGT GTC TTA TAT GAC TAA,AACTTTGGATAAGAGTGTCTTATATGACTAAAATGTCATGTAAATATAAGTTTGCTATAGACTTTTAGCTGGGTAACATGTACATTTAAATCT,AACTTTGGATAAGAGTGTCTTATATGACTAAAATGTCATGTAAATATAAGTTTGCTATAGACTTTTAGCTGGGTAACATGTACATTTAAATCT,"55, 61",
Ots_CD63,NC_037118.1:14629681-14629758,,GTG ACT GGA GTT CAG ACG TGT GCT CTT CCG ATC TCA CAA ATT TTG CAT GTT TTC TAA CTG TG,CGA CAG GTT CAG AGT TCT ACA GTC CGA CGA TCC CCA TCA ACA TGC AGG CGA,CACAAATTTTGCATGTTTTCTAACTGTGTTTTTGTGTTTTCAGATCATGGGCATCATATTCGCCTGCATGTTGATGGG,CACAAATTTTGCATGTTTTCTAACTGTGTTTTTGTGTTTTCAGATCATGGGCATCATATTCGCCTGCATGTTGATGGG,52,
Ots_EP-529,NC_037126.1:26852561-26852639,,GTG ACT GGA GTT CAG ACG TGT GCT CTT CCG ATC TAC CAA CGT CTT GAT GTA GAC CT,CGA CAG GTT CAG AGT TCT ACA GTC CGA CGA TCG CCC TGC CTG CAA CTT CA,GCCCTGCCTGCAACTTCAAAATCAGTGTCATCTTCGGCCCAATAGGACATTTTCTCTAGGTCTACATCAAGACGTTGGT,GCCCTGCCTGCAACTTCAAAATCAGTGTCATCTTCGGCCCAATAGGACATTTTCTCTAGGTCTACATCAAGACGTTGGT,32,
Ots_mybp-85,NC_037109.1:31783998-31784078,,GTG ACT GGA GTT CAG ACG TGT GCT CTT CCG ATC TCA AGG GAT GTG ACA AAT TAA TCA AAC A,CGA CAG GTT CAG AGT TCT ACA GTC CGA CGA TCA CGT GGG CGA GAG CAT GTA,CAAGGGATGTGACAAATTAATCAAACACATAATACAATTGTTTGAGAGAGAATTTGCAAAACTACATGCTCTCGCCCACGT,CAAGGGATGTGACAAATTAATCAAACACATAATACAATTGTTTGAGAGAGAATTTGCAAAACTACATGCTCTCGCCCACGT,"34, 58, 62",
Ots_myoD-364,NC_037097.1:10134662-10134737,,GTG ACT GGA GTT CAG ACG TGT GCT CTT CCG ATC TTG TGT GTG TGT GTG TGT CAT C,CGA CAG GTT CAG AGT TCT ACA GTC CGA CGA TCG GTC CTC TAT TGT CAT AAA CAA TAA AAA TGG CAA,TGTGTGTGTGTGTGTGTCATCGTCATCTTTTGTTATTTCCTTGCCATTTTTATTGTTTATGACAATAGAGGACC,TGTGTGTGTGTGTGTGTCATCGTCATCTTTTGTTATTTCCTTGCCATTTTTATTGTTTATGACAATAGAGGACC,35,
Ots_PGK-54,NC_037126.1:19962122-19962200,,GTG ACT GGA GTT CAG ACG TGT GCT CTT CCG ATC TGG CTC ATC AGC ACC ACG,CGA CAG GTT CAG AGT TCT ACA GTC CGA CGA TCT GTT CCA GGA TCA AGG CTG CT,TGTTCCAGGATCAAGGCTGCTGTCCCCACCATCAAGCACTGTCTGGATCATGGGGCCAAGACCGTGGTGCTGATGAGCC,TGTTCCAGGATCAAGGCTGCTGTCCCCACCATCAAGCACTGTCTGGATCATGGGGCCAAGACCGTGGTGCTGATGAGCC,"35, 61",
Ots_Prl2,NC_037097.1:46840195-46840291,,GTG ACT GGA GTT CAG ACG TGT GCT CTT CCG ATC TTG TGT ATC TGT GTG TAT ACC TGG TC,CGA CAG GTT CAG AGT TCT ACA GTC CGA CGA TCG AAC ATA CTC TGA CAC ATA ATA CTC TGA ACA TAT TCA,TGTGTATCTGTGTGTATACCTGGTCTGTTTGTGATCAAGATGTATGTATTGTTCATTTAATGAATATGTTCAGAGTATTATGTGTCAGAGTATGTTC,TGTGTATCTGTGTGTATACCTGGTCTGTTTGTGATCAAGATGTATGTATTGTTCATTTAATGAATATGTTCAGAGTATTATGTGTCAGAGTATGTTC,"34, 55, 58",
Ots_SClkF2R2-135,NC_037101.1:69930597-69930695,NC_037101.1:73843389-73843487,GTG ACT GGA GTT CAG ACG TGT GCT CTT CCG ATC TGG CAC AAA CCA AAT ACA GAC CA,CGA CAG GTT CAG AGT TCT ACA GTC CGA CGA TCC AAG TCC CTG AAT AAT GGT ACG TTT TCA TT,GGCACAAACCAAATACAGACCAGCTACTTGTGTACTACATTCAAAGTCAAATTTTTCCTCAATCAATATAATGAAAACGTACCATTATTCAGGGACTTG,GGCACAAACCAAATACAGACCAGCTACTTGTGTACTACATTCAAAGTCAAATTTTTCCTCAATCAATATAATGAAAACGTACCATTATTCAGGGACTTG,"27, 34, 49, 53, 60",
Ots_SWS1op-182,NC_037113.1:8656120-8656215,,GTG ACT GGA GTT CAG ACG TGT GCT CTT CCG ATC TAC ATC GAA CAC AAG AAC GAG TTT,CGA CAG GTT CAG AGT TCT ACA GTC CGA CGA TCG TCA TCA TAA GAA CAA CAA TAA CAA AAA TGT ACT TTA ACG,ACATCGAACACAAGAACGAGTTTGCATGCAAATAATCAGAAGAGTAAAAAATGAAACGTTAAAGTACATTTTTGTTATTGTTGTTCTTATGATGAC,ACATCGAACACAAGAACGAGTTTGCATGCAAATAATCAGAAGAGTAAAAAATGAAACGTTAAAGTACATTTTTGTTATTGTTGTTCTTATGATGAC,"33, 38, 52, 56",
Ots_u0707.161,NW_020128844.1:15537-15662,,GTG ACT GGA GTT CAG ACG TGT GCT CTT CCG ATC TAC ATA AAT GGT AGT AGC ATC TGT CGA,CGA CAG GTT CAG AGT TCT ACA GTC CGA CGA TCA GGC CAA ATG TCC CCT TAC GA,ACATAAATGGTAGTAGCATCTGTCGACAGACTGTGGGATGGACAACTTATGTCACTGATTATTTGGACAAATCACAATTTCACAGGTGTTTGCATCTTTCGTATTTCGTAAGGGGACATTTGGCCT,ACATAAATGGTAGTAGCATCTGTCGACAGACTGTGGGATGGACAACTTATGTCACTGATTATTTGGACAAATCACAATTTCACAGGTGTTTGCATCTTTCGTATTTCGTAAGGGGACATTTGGCCT,"33, 36, 46, 58, 67, 71, 89, 94",
Ots_u0749.290,NC_037108.1:31470203-31470280,,GTG ACT GGA GTT CAG ACG TGT GCT CTT CCG ATC TCT GAG GAA GGA TTC TGT ATT TGC T,CGA CAG GTT CAG AGT TCT ACA GTC CGA CGA TCA CAG AGC GCA TCC GAC CA,CTGAGGAAGGATTCTGTATTTGCTGAAGAAGTGTTCTCAAGGTTTTGACTTTCCCCGTGTTGGTCGGATGCGCTCTGT,CTGAGGAAGGATTCTGTATTTGCTGAAGAAGTGTTCTCAAGGTTTTGACTTTCCCCGTGTTGGTCGGATGCGCTCTGT,56,
Ots_u4-92,NC_037101.1:62235795-62235902,,GTG ACT GGA GTT CAG ACG TGT GCT CTT CCG ATC TCC AGA GTT GTA GAA GCA TCT GTT,CGA CAG GTT CAG AGT TCT ACA GTC CGA CGA TCA TGG ATC CAA GGA GCC CCA,ATGGATCCAAGGAGCCCCATTAAAGATTTTAAAAGATCAACTTAAAGTGCATTACGTTAAATTCAACACAGACTGATCGAGTTTAAACAGATGCTTCTACAACTCTGG,ATGGATCCAAGGAGCCCCATTAAAGATTTTAAAAGATCAACTTAAAGTGCATTACGTTAAATTCAACACAGACTGATCGAGTTTAAACAGATGCTTCTACAACTCTGG,55,
Ots_BMP-2-SNP1,NC_037101.1:42344678-42344753,,GTG ACT GGA GTT CAG ACG TGT GCT CTT CCG ATC TGG GCG CCA CTA TCC ACT,CGA CAG GTT CAG AGT TCT ACA GTC CGA CGA TCC AAG GCC AAC TGC CAC AGA,CAAGGCCAACTGCCACAGACACGAACTCGACGTGGACTTCAGCGAAGTGGGCTGGAACGAGTGGATAGTGGCGCCC,CAAGGCCAACTGCCACAGACACGAACTCGACGTGGACTTCAGCGAAGTGGGCTGGAACGAGTGGATAGTGGCGCCC,"22, 43",
Ots_S71-336,NC_037114.1:33195577-33195692,,GTG ACT GGA GTT CAG ACG TGT GCT CTT CCG ATC TCA AAC GTT AGC TAG CTA ATG TTA AGT,CGA CAG GTT CAG AGT TCT ACA GTC CGA CGA TCG CTA GCA GCC ATG CCA TCA TAA A,GCTAGCAGCCATGCCATCATAAACAACCTAACAAGTAACTATTGCATCAAACAATGTACAGGAGATAAGGTCGCATGTTCCAAGTTAACTACTTAACATTAGCTAGCTAACGTTTG,GCTAGCAGCCATGCCATCATAAACAACCTAACAAGTAACTATTGCATCAAACAATGTACAGGAGATAAGGTCGCATGTTCCAAGTTAACTACTTAACATTAGCTAGCTAACGTTTG,68,
Ots_unk_526,NC_037112.1:30269196-30269288,,GTG ACT GGA GTT CAG ACG TGT GCT CTT CCG ATC TAC TCC TCC CCC TTT TCC AC,CGA CAG GTT CAG AGT TCT ACA GTC CGA CGA TCT GCT GTA GTT GTC TAC AGA GGA GTC T,TGCTGTAGTTGTCTACAGAGGAGTCTGTATTGAGGGGAAGGGTTTCAGACTGGAATGTTGAAAAATCAGCTGATGTGGAAAAGGGGGAGGAGT,TGCTGTAGTTGTCTACAGAGGAGTCTGTATTGAGGGGAAGGGTTTCAGACTGGAATGTTGAAAAATCAGCTGATGTGGAAAAGGGGGAGGAGT,49,
tag_id_1030,NC_037102.1:37909561-37909701,,CGA CAG GTT CAG AGT TCT ACA GTC CGA CGA TCG ATT AAT AAG AAT CTT TGA TAG TGC TG,GTG ACT GGA GTT CAG ACG TGT GCT CTT CCG ATC TAA GTC AGC TGA AGA CCC TCT G,GATTAATAAGAATCTTTGATAGTGCTGGGTTTTTTTTTACGTGTCAAGATATTTAATCCTACCTAACCAGCCTGCATTGTTGGTTGTTGTGGGGGTCTGATGATCCTTGTTTTCTGAATACAGAGGGTCTTCAGCTGACTT,GATTAATAAGAATCTTTGATAGTGCTGGGTTTTTTTTTACGTGTCAAGATATTTAATCCTACCTAACCAGCCTGCATTGTTGGTTGTTGTGGGGGTCTGATGATCCTTGTTTTCTGAATACAGAGGGTCTTCAGCTGACTT,"29, 30, 47, 113, 119, 121, 123",
tag_id_1079,NC_037103.1:64204930-64205047,,CGA CAG GTT CAG AGT TCT ACA GTC CGA CGA TCC CTC TGC CAA ATA TTG ACT CCA,GTG ACT GGA GTT CAG ACG TGT GCT CTT CCG ATC TTG GTG CCA ATA TGT AAA ATC AGT,CCTCTGCCAAATATTGACTCCATTGTAAATGAAAAATATTTTAATATACAATAGAAACTGATTTAGGTTGGTGTGACATTTAACAAATTGCAGCTACTGATTTTACATATTGGCACCA,CCTCTGCCAAATATTGACTCCATTGTAAATGAAAAATATTTTAATATACAATAGAAACTGATTTAGGTTGGTGTGACATTTAACAAATTGCAGCTACTGATTTTACATATTGGCACCA,"10, 32, 72, 82, 88, 94, 95, 101, 103, 117",
tag_id_1126,NC_037097.1:8675470-8675612,,CGA CAG GTT CAG AGT TCT ACA GTC CGA CGA TCC TTT GGA AAA GCA GGA ATC TTA T,GTG ACT GGA GTT CAG ACG TGT GCT CTT CCG ATC TGC TGT GTG GAA CTT AGC TTA CA,CTTTGGAAAAGCAGGAATCTTATTCATGTATGCATACTAGTGCCTTTCCAGCCATATCGAGTGGGAGTGAGACTGCACACATATATTATCTGCTACCACCACACCATCGGTCCTCTTCTACTGTAAGCTAAGTTCCACACAGC,CTTTGGAAAAGCAGGAATCTTATTCATGTATGCATACTAGTGCCTTTCCAGCCATATCGAGTGGGAGTGAGACTGCACACATATATTATCTGCTACCACCACACCATCGGTCCTCTTCTACTGTAAGCTAAGTTCCACACAGC,"7, 25, 79, 86, 94, 101, 104, 108, 116, 117, 134",
tag_id_1144,NC_037116.1:45601773-45601925,,CGA CAG GTT CAG AGT TCT ACA GTC CGA CGA TCA CCA GTC CGT CAG GAT CAA C,GTG ACT GGA GTT CAG ACG TGT GCT CTT CCG ATC TTG ATG GAC AGG CCC TTA TGT,ACCAGTCCGTCAGGATCAACCTTCAGTCTTCGCTTCTCCTAGCATTCCAAGGGTTCAGGTTCTTGGAGGGCGGTAGAGGAGTAGGGGTGGGGACCAACCGGCTGGCTAACATAAGGGCCTGTCCATCA,ACCAGTCCGTCAGGATCAACCTTCAGTCTTCGCTTCTCCTAGCATTCCAAGGGTTCAGGTTCTTGGAGGGCGGTAGAGGAGTAGGGGTGGGGACCAACCGGCTGGCTAACATAAGGGCCTGTCCATCA,"35, 77","BLAT mapped this locus to NC_037116.1:45601773-45601925, while BWA indicated a split alignment to NC_037116.1:45601772-45601804 and NC_037116.1:45601886-45601973.  Since these alignment locations overlap, BLAT locations were used for plots to give a general sense of their location while the true location of where this locus maps is uncertain"
tag_id_1191,NC_037112.1:2824612-2824742,,CGA CAG GTT CAG AGT TCT ACA GTC CGA CGA TCT CCT AAA GTA ACA TTT CCC AAC A,GTG ACT GGA GTT CAG ACG TGT GCT CTT CCG ATC TAG AGA ATC ACA CAA AGT CCC A,TCCTAAAGTAACATTTCCCAACATGTTTCTACTGCATTTTAAACCTGAGGGAAAAATATATCCACAATAGCAAATCTCATTTAATCTCAGATTCGCTGTGTACTTTAATTTGGGACTTTGTGTGATTCTCT,TCCTAAAGTAACATTTCCCAACATGTTTCTACTGCATTTTAAACCTGAGGGAAAAATATATCCACAATAGCAAATCTCATTTAATCTCAGATTCGCTGTGTACTTTAATTTGGGACTTTGTGTGATTCTCT,"29, 87, 105, 110",
tag_id_120,NW_020128803.1:154765-154891,,CGA CAG GTT CAG AGT TCT ACA GTC CGA CGA TCG AAT GTC CGT TCC AGT AAT TCT,GTG ACT GGA GTT CAG ACG TGT GCT CTT CCG ATC TTC TGG GGA GAA ACT AAA GGA CC,GAATGTCCGTTCCAGTAATTCTGTCTATACGGAACTCATGTGGTGTCCCTACCTGTTCCTCTGAGCGGGACAGTTTGATCTGTAGGTCGGCGGCTTGTTGCTCGCGGTCCTTTAGTTTCTCCCCAGA,GAATGTCCGTTCCAGTAATTCTGTCTATACGGAACTCATGTGGTGTCCCTACCTGTTCCTCTGAGCGGGACAGTTTGATCTGTAGGTCGGCGGCTTGTTGCTCGCGGTCCTTTAGTTTCTCCCCAGA,"36, 83, 126",
tag_id_1243,NC_037115.1:2049467-2049602,,CGA CAG GTT CAG AGT TCT ACA GTC CGA CGA TCC ACT TCT TTA TGG GTA GCT GCA,GTG ACT GGA GTT CAG ACG TGT GCT CTT CCG ATC TAT CTG ACT CAC CAC CAC CAC,CACTTCTTTATGGGTAGCTGCAAGCCATGGGTTACCCAGATGTTTCTTCTATTACATATTCACTAATCCTGATTCAACATTTTCCGGGGTGCACAAATTGTGCATGGGTGTGTACTTTTGTGGTGGTGGTGAGTCAGAT,CACTTCTTTATGGGTAGCTGCAAGCCATGGGTTACCCAGATGTTTCTTCTATTACATATTCACTAATCCTGATTCAACATTTTCCGGGGTGCACAAATTGTGCATGGGTGTGTACTTTTGTGGTGGTGGTGAGTCAGAT,"63, 71, 75",
tag_id_1276,NC_037110.1:8182942-8183062,,CGA CAG GTT CAG AGT TCT ACA GTC CGA CGA TCC AAT CAC TGG CCT TGC TGC,GTG ACT GGA GTT CAG ACG TGT GCT CTT CCG ATC TTA CTC CAT TCC ACT CCC CAG,CAATCACTGGCCTTGCTGCTGTAGCGTCTTTTCCGCCCTCTGGTCCTCGAAGGAGGGAGTGTGATTCTGTGCCTTACACTGATTGAGTCAAAGAAATATTACTGGGGAGTGGAATGGAGTA,CAATCACTGGCCTTGCTGCTGTAGCGTCTTTTCCGCCCTCTGGTCCTCGAAGGAGGGAGTGTGATTCTGTGCCTTACACTGATTGAGTCAAAGAAATATTACTGGGGAGTGGAATGGAGTA,"25, 98, 100",
tag_id_1281,NW_020129039.1:319831-319970,,CGA CAG GTT CAG AGT TCT ACA GTC CGA CGA TCT CAG TGC CAT GTT TGC AGA A,GTG ACT GGA GTT CAG ACG TGT GCT CTT CCG ATC TTG TGT ACT CTC AGG TAA GCC,TCAGTGCCATGTTTGCAGAAAAAGCTTCATTAGGAAGGAATACCTCATTAAGCATATGGCAAATCACACTGGAGAAAAGCCATATCTGTGCAATGTTTGCGGCAAAACCTTCTTAAGGAAGGCTTACCTGAGAGTACACA,TCAGTGCCATGTTTGCAGAAAAAGCTTCATTAGGAAGGAATACCTCATTAAGCATATGGCAAATCACACTGGAGAAAAGCCATATCTGTGCAATGTTTGCGGCAAAACCTTCTTAAGGAAGGCTTACCTGAGAGTACACA,"28, 32, 33, 66, 86, 95, 100",
tag_id_1363,NC_037097.1:67689367-67689505,,CGA CAG GTT CAG AGT TCT ACA GTC CGA CGA TCC TGC TTA ACC AGT GAT GGC C,GTG ACT GGA GTT CAG ACG TGT GCT CTT CCG ATC TCC TCA GTG TAG TGT CGC AT,CTGCTTAACCAGTGATGGCCTAATTGATTCAGGCTCAACAATATCGCTCATCTCTCAAATGTTTTTCAATAATCTCAAAGGGGCTGTGAACCCTGCTAAACGTTGGTTAAAAACAGAACGATGCGACACTACACTGAGG,CTGCTTAACCAGTGATGGCCTAATTGATTCAGGCTCAACAATATCGCTCATCTCTCAAATGTTTTTCAATAATCTCAAAGGGGCTGTGAACCCTGCTAAACGTTGGTTAAAAACAGAACGATGCGACACTACACTGAGG,"37, 86, 88, 116",
tag_id_1413,NC_037105.1:62087404-62087548,NC_037105.1:49861171-49861315,CGA CAG GTT CAG AGT TCT ACA GTC CGA CGA TCT GTG TTC CTG TAT GTT GTT GCA,GTG ACT GGA GTT CAG ACG TGT GCT CTT CCG ATC TAT GCT GTC GGA ATT GGT ACA,TGTGTTCCTGTATGTTGTTGCAATTACACCATGAGTCGTTAATCATGAAACATATACCCCAGCCCTTCTTCTTCCCGGAGAGATGTTTATTCCTGTCGGCGCGACATACTGAGAATCCAGGTGGCTGTACCAATTCCGACAGCAT,TGTGTTCCTGTATGTTGTTGCAATTACACCATGAGTCGTTAATCATGAAACATATACCCCAGCCCTTCTTCTTCCCGGAGAGATGTTTATTCCTGTCGGCGCGACATACTGAGAATCCAGGTGGCTGTACCAATTCCGACAGCAT,"54, 74, 113, 121",
tag_id_1425,NC_037121.1:36071362-36087646,,CGA CAG GTT CAG AGT TCT ACA GTC CGA CGA TCA CAT TAA AGG GTT AGC ATT CAT G,GTG ACT GGA GTT CAG ACG TGT GCT CTT CCG ATC TTG TTA CTG TTT GTA CCC CAG A,ACATTAAAGGGTTAGCATTCATGAAAAATAAGGTTTAGTATACATGAAAAAAAATTTTTTTAGCATACAGGTGTAGGAAAGAAAGACAACAAAGTGATTCAGTTCCTATTTCAACTGGTACATTTTCTGGGGTACAAACAGTAACA,ACATTAAAGGGTTAGCATTCATGAAAAATAAGGTTTAGTATACATGAAAAAAAATTTTTTTAGCATACAGGTGTAGGAAAGAAAGACAACAAAGTGATTCAGTTCCTATTTCAACTGGTACATTTTCTGGGGTACAAACAGTAACA,"56, 57, 58, 77, 83, 112, 119, 126",
tag_id_1470,NC_037125.1:30256157-30256275,,CGA CAG GTT CAG AGT TCT ACA GTC CGA CGA TCA GTC AAA CGA ACA ATT AAG TCG T,GTG ACT GGA GTT CAG ACG TGT GCT CTT CCG ATC TTG ACT TAA GTA TCT GTT CGA ACG,AGTCAAACGAACAATTAAGTCGTTCTAACAAAATAAGTCGTTCCAACGACCTAGTAACAACTTTTTTTACCGTCATTAAAAATGAGAAACTAAGTCGTTCGAACAGATACTTAAGTCAT,AGTCAAACGAACAATTAAGTCGTTCTAACAAAATAAGTCGTTCCAACGACCTAGTAACAACTTTTTTTACCGTCATTAAAAATGAGAAACTAAGTCGTTCGAACAGATACTTAAGTCAT,"39, 46, 52, 93, 106, 108",
tag_id_1551,NC_037103.1:1600605-1600747,,CGA CAG GTT CAG AGT TCT ACA GTC CGA CGA TCG TGA TGG CAG CAT TCC ACA G,GTG ACT GGA GTT CAG ACG TGT GCT CTT CCG ATC TCC GGC TCG TAA TAA TGG CTG,GTGATGGCAGCATTCCACAGGAGGTTGGTGGCACCTTAATTGGGGAGGACGGGCTTGTGGTAATGACTGGAGCGCAATAGGTGGAATGGTATCAAATACATCAAACATAGTTTGACGCCGTTTCAGCCATTATTACGAGCCGG,GTGATGGCAGCATTCCACAGGAGGTTGGTGGCACCTTAATTGGGGAGGACGGGCTTGTGGTAATGACTGGAGCGCAATAGGTGGAATGGTATCAAATACATCAAACATAGTTTGACGCCGTTTCAGCCATTATTACGAGCCGG,"29, 33, 51, 54, 56, 81, 100, 108",
tag_id_1554,NC_037101.1:82107049-82107154,,CGA CAG GTT CAG AGT TCT ACA GTC CGA CGA TCC GCC TTT GAC TTG TCT CGA C,GTG ACT GGA GTT CAG ACG TGT GCT CTT CCG ATC TCA CAG CAT TCC TAA CCC ACA,CGCCTTTGACTTGTCTCGACTAAAATGTTCTTGCTCTTTCAAATGACTGCTCAACTTGTTGACTGCTCGATCCACACAACAGACATTGTGGGTTAGGAATGCTGTG,CGCCTTTGACTTGTCTCGACTAAAATGTTCTTGCTCTTTCAAATGACTGCTCAACTTGTTGACTGCTCGATCCACACAACAGACATTGTGGGTTAGGAATGCTGTG,"35, 37",
tag_id_1692,NC_037109.1:49223401-49223539,NC_037108.1:13283690-13283828,CGA CAG GTT CAG AGT TCT ACA GTC CGA CGA TCT CTC AAC CTT GTA GTG TTC GG,GTG ACT GGA GTT CAG ACG TGT GCT CTT CCG ATC TAG AGG GGA AGA GCG CAA AA,TCTCAACCTTGTAGTGTTCGGCGACCTTCAACAGCTGTTCTTTAGTACCTAAATCTAACAACTCCTCCGATGGAAAGCGAATGAACTCATCTACATAAGACGCCATAGTCCCAAATTTTTTTTTGCGCTCTTCCCCTCT,TCTCAACCTTGTAGTGTTCGGCGACCTTCAACAGCTGTTCTTTAGTACCTAAATCTAACAACTCCTCCGATGGAAAGCGAATGAACTCATCTACATAAGACGCCATAGTCCCAAATTTTTTTTTGCGCTCTTCCCCTCT,"22, 101, 113, 114, 132","BWA found additional alternate mapping at NC_037128.1, -3792806,29S110M,1--however this was not also found with BLA"
tag_id_1733,NC_037116.1:35117581-35117673,,CGA CAG GTT CAG AGT TCT ACA GTC CGA CGA TCC CTT CAG AAC AAT ACA GCC CTG,GTG ACT GGA GTT CAG ACG TGT GCT CTT CCG ATC TGT TAC GCT CCC AAT GCA CTC,CCTTCAGAACAATACAGCCCTGCGAATGGTGTGTCCACCACCTATACTAGAACATACACATGCCTATCAACCGGAGTGCATTGGGAGCGTAAC,CCTTCAGAACAATACAGCCCTGCGAATGGTGTGTCCACCACCTATACTAGAACATACACATGCCTATCAACCGGAGTGCATTGGGAGCGTAAC,"23, 45",
tag_id_186,NC_037112.1:41692761-41692905,NW_020128812.1:1924299-1924443,CGA CAG GTT CAG AGT TCT ACA GTC CGA CGA TCC GGC TGA TAT ATC TGT ACA GGC,GTG ACT GGA GTT CAG ACG TGT GCT CTT CCG ATC TAA AAC GTG CAC CCA TAT GT,CGGCTGATATATCTGTACAGGCTTTAACTGTTGTAAAGAGAAAAAAAATGAAGATTTGTGAATAAGGCCTCAGTGGCTCGAAAACCATCATCTAGCCTGGGGGTATGCATTCTTTCCCTCCTATGGCACATATGGGTGCACGTTTT,CGGCTGATATATCTGTACAGGCTTTAACTGTTGTAAAGAGAAAAAAAATGAAGATTTGTGAATAAGGCCTCAGTGGCTCGAAAACCATCATCTAGCCTGGGGGTATGCATTCTTTCCCTCCTATGGCACATATGGGTGCACGTTTT,"58, 69, 80, 144",
tag_id_1872,NC_037115.1:5590687-5590831,,CGA CAG GTT CAG AGT TCT ACA GTC CGA CGA TCT GGA CTG GAC TCT TAG CTG C,GTG ACT GGA GTT CAG ACG TGT GCT CTT CCG ATC TCC CGC CAG ATA ATC AAC AGC,TGGACTGGACTCTTAGCTGCCTTACGTAACGGTCGGATGGCGGCGTGTTTGACGCCGTTTCCGGAGCGGTCTGGGGGCCGTGCGGTCCAGTGACCTCCAATGTGTTCACAGACATATGACATACAGCTGTTGATTATCTGGCGGG,TGGACTGGACTCTTAGCTGCCTTACGTAACGGTCGGATGGCGGCGTGTTTGACGCCGTTTCCGGAGCGGTCTGGGGGCCGTGCGGTCCAGTGACCTCCAATGTGTTCACAGACATATGACATACAGCTGTTGATTATCTGGCGGG,"35, 76, 85, 111, 137",
tag_id_235,NC_037109.1:29671040-29671175,,CGA CAG GTT CAG AGT TCT ACA GTC CGA CGA TCG GAG GTG GCA GAA CTC GTA A,GTG ACT GGA GTT CAG ACG TGT GCT CTT CCG ATC TTT CCG TTC TCT CTC TCT CCA,GGAGGTGGCAGAACTCGTAAAATAGCTGGACACACACAGGAAGTGTTTTTGGAGGATAGAGAGAAATTCATTGAGGAAGAGAGGAGGAGAAAAACTGGAGAACCTCGATAAGACGATGGAGAGAGAGAGAACGGAA,GGAGGTGGCAGAACTCGTAAAATAGCTGGACACACACAGGAAGTGTTTTTGGAGGATAGAGAGAAATTCATTGAGGAAGAGAGGAGGAGAAAAACTGGAGAACCTCGATAAGACGATGGAGAGAGAGAGAACGGAA,"37, 89, 95, 112",
tag_id_251,NC_037110.1:45080536-45080663,,CGA CAG GTT CAG AGT TCT ACA GTC CGA CGA TCT AGT GCA CTG CTT TTG ACC A,GTG ACT GGA GTT CAG ACG TGT GCT CTT CCG ATC TTG TTA GAT TCT GCT GCT GGG A,TAGTGCACTGCTTTTGACCAAAGCCCTGGTTTAACAGAGTGCACTACATAGGAAATCGGGTGCAATTTGGGACAACGAAGACCGGTGAGCATGACGTGAGAATGACTTCCCAGCAGCAGAATCTAACA,TAGTGCACTGCTTTTGACCAAAGCCCTGGTTTAACAGAGTGCACTACATAGGAAATCGGGTGCAATTTGGGACAACGAAGACCGGTGAGCATGACGTGAGAATGACTTCCCAGCAGCAGAATCTAACA,"21, 79, 95",
tag_id_275,NC_037109.1:36252563-36252694,,CGA CAG GTT CAG AGT TCT ACA GTC CGA CGA TCG TGT TGG TAG GGT TCA CAC AC,GTG ACT GGA GTT CAG ACG TGT GCT CTT CCG ATC TCC ATC TTT GAC CAT GCC ACA,GTGTTGGTAGGGTTCACACACAATAGCTGAATTTGCAGAGCTAGCGAGCAAACCGATGGCGCAAACTAAAGCAAACATTAGCTAGCAAGCTAGCTAGCAACTATTCCATTTATGTGGCATGGTCAAAGATGG,GTGTTGGTAGGGTTCACACACAATAGCTGAATTTGCAGAGCTAGCGAGCAAACCGATGGCGCAAACTAAAGCAAACATTAGCTAGCAAGCTAGCTAGCAACTATTCCATTTATGTGGCATGGTCAAAGATGG,"72, 100",
tag_id_278,NW_020142523.1:20166-20297,,CGA CAG GTT CAG AGT TCT ACA GTC CGA CGA TCA AAA TGG CGT GGC AAA GCT T,GTG ACT GGA GTT CAG ACG TGT GCT CTT CCG ATC TGG ATG GAT ATG TCA ATG TGT AGT,AAAATGGCGTGGCAAAGCTTCAAGAAAATGGTCGCTTTCAAACTAGGGATTCCGTGGCTATTTGAGGAAGCTAAGACAGTAATTCTGCTCATACATTATGTATGTATGTACTACACATTGACATATCCATCC,AAAATGGCGTGGCAAAGCTTCAAGAAAATGGTCGCTTTCAAACTAGGGATTCCGTGGCTATTTGAGGAAGCTAAGACAGTAATTCTGCTCATACATTATGTATGTATGTACTACACATTGACATATCCATCC,"34, 81, 94, 101, 112, 130",
tag_id_282,NC_037099.1:32486952-32487093,"NW_020142539.1:1552147-1552288, NC_037099.1:23427553-23427694",CGA CAG GTT CAG AGT TCT ACA GTC CGA CGA TCT GGT ACG CAC CAG GAT TAA A,GTG ACT GGA GTT CAG ACG TGT GCT CTT CCG ATC TTG GCT GGA GTT ATG GAG AGC,TGGTACGCACCAGGATTAAAACTCAACTAGAGTTTCATGTCAAGTCAAACAGCATTTACCTAGCCAAAGCCATCTACTGCAGCTATCTTTACACACTGTTCTCTCTGCAGCTTCATTGATGCGCTCTCCATAACTCCAGCCA,TGGTACGCACCAGGATTAAAACTCAACTAGAGTTTCATGTCAAGTCAAACAGCATTTACCTAGCCAAAGCCATCTACTGCAGCTATCTTTACACACTGTTCTCTCTGCAGCTTCATTGATGCGCTCTCCATAACTCCAGCCA,"25, 27, 29, 104",
tag_id_2_1016,NC_037104.1:32620767-32620901,,CGA CAG GTT CAG AGT TCT ACA GTC CGA CGA TCG AAG TAA TAG GCT AAA AGA AGT GTC TGA,GTG ACT GGA GTT CAG ACG TGT GCT CTT CCG ATC TTC TAC CAG TAC TCC TTT TCT ACC AC,GAAGTAATAGGCTAAAAGAAGTGTCTGATGAGTAAAGCATAAGCAATCAACAAAAGGAGGGAGGTTAAGTTATGGGCAAGAAAGTAGTAGTAGTTTTAGTGGTGGTAGTAGTGGTAGAAAAGGAGTACTGGTAGA,GAAGTAATAGGCTAAAAGAAGTGTCTGATGAGTAAAGCATAAGCAATCAACAAAAGGAGGGAGGTTAAGTTATGGGCAAGAAAGTAGTAGTAGTTTTAGTGGTGGTAGTAGTGGTAGAAAAGGAGTACTGGTAGA,"30, 37",
tag_id_2_1158,NW_020129761.1:27169-27307,,CGA CAG GTT CAG AGT TCT ACA GTC CGA CGA TCG CTT CAA CGC CTC TCA TAC A,GTG ACT GGA GTT CAG ACG TGT GCT CTT CCG ATC TCG TTA ATG AAG CGA CAC CCC,GCTTCAACGCCTCTCATACACAGCATCAGCTATCCAGGGTTTACAAGGAGAGAAAAACCTGTCGGCGAGGTTCTCTTCTGCACTGTTCAACCAATACAGCAAATGTCGATGAGTAAAATGGGGTGTCGCTTCATTAACG,GCTTCAACGCCTCTCATACACAGCATCAGCTATCCAGGGTTTACAAGGAGAGAAAAACCTGTCGGCGAGGTTCTCTTCTGCACTGTTCAACCAATACAGCAAATGTCGATGAGTAAAATGGGGTGTCGCTTCATTAACG,"23, 45, 50, 74, 82",
tag_id_2_123,NC_037101.1:48111858-48112000,,CGA CAG GTT CAG AGT TCT ACA GTC CGA CGA TCT GTT CTT AAC TGA CCT GCC A,GTG ACT GGA GTT CAG ACG TGT GCT CTT CCG ATC TGA TGG CGA ATA GGT GTA AGC,TGTTCTTAACTGACCTGCCAGGTTAAATTTTAAAAACTCTAAATTCTTAGGGTTAGGCATTAACTCCGAATGGTTAAGGTTTGGGATAGACTTTAAAAAAAACTCAAACTTGTAGATGCAGATGCTTACACCTATTCGCCATC,TGTTCTTAACTGACCTGCCAGGTTAAATTTTAAAAACTCTAAATTCTTAGGGTTAGGCATTAACTCCGAATGGTTAAGGTTTGGGATAGACTTTAAAAAAAACTCAAACTTGTAGATGCAGATGCTTACACCTATTCGCCATC,"31, 36, 95, 96, 123",
tag_id_2_1268,NW_020142677.1:188767-188856,,CGA CAG GTT CAG AGT TCT ACA GTC CGA CGA TCC AGG GTA GCT GTC TAG GCC,GTG ACT GGA GTT CAG ACG TGT GCT CTT CCG ATC TCT CGC TGT CAT CCG CTA AGA,CAGGGTAGCTGTCTAGGCCCCTAAGTTTTTTCAATCTTTACTAACGACATGCCACGAGCCAATGTGTCTATCTTAGCGGATGACAGCGAG,CAGGGTAGCTGTCTAGGCCCCTAAGTTTTTTCAATCTTTACTAACGACATGCCACGAGCCAATGTGTCTATCTTAGCGGATGACAGCGAG,"23, 25, 43, 63, 64, 69, 70",
tag_id_2_136,NC_037105.1:70491146-70491250,,CGA CAG GTT CAG AGT TCT ACA GTC CGA CGA TCT ATT GGA ATC CAG CCA GAG G,GTG ACT GGA GTT CAG ACG TGT GCT CTT CCG ATC TTT CCT GGT TTA AAT GGT TTA CG,TATTGGAATCCAGCCAGAGGTAGGATGTCATAGAGTTGTAATTTCTATTAACCTGCATTCAGCGTTGATTTTAAAAAAGACTACGTAAACCATTTAAACCAGGAA,TATTGGAATCCAGCCAGAGGTAGGATGTCATAGAGTTGTAATTTCTATTAACCTGCATTCAGCGTTGATTTTAAAAAAGACTACGTAAACCATTTAAACCAGGAA,"67, 72, 73",
tag_id_2_1382,NW_020129213.1:172272-172407,,CGA CAG GTT CAG AGT TCT ACA GTC CGA CGA TCC TAG TGG ACG CCC TAG GAA C,GTG ACT GGA GTT CAG ACG TGT GCT CTT CCG ATC TAA CTG ATA TGT TAT GCA AAA CCC,CTAGTGGACGCCCTAGGAACTGCAATATGGGAGGATTTCGCCTCATAATTAACATGACTGCAATTGAAAACAGTGGTAGGCTGAATTTTTTTGGGGGGGATGGTTTGTCCTCGGGGTTTTGCATAACATATCAGTT,CTAGTGGACGCCCTAGGAACTGCAATATGGGAGGATTTCGCCTCATAATTAACATGACTGCAATTGAAAACAGTGGTAGGCTGAATTTTTTTGGGGGGGATGGTTTGTCCTCGGGGTTTTGCATAACATATCAGTT,"92, 118, 131",
tag_id_2_1539,NC_037100.1:32003152-32003270,,CGA CAG GTT CAG AGT TCT ACA GTC CGA CGA TCT GTG CAG CCA TTA AAG GAC A,GTG ACT GGA GTT CAG ACG TGT GCT CTT CCG ATC TCT TTT GGC CGA TGG TGT GAC,TGTGCAGCCATTAAAGGACATTAATTTTTTTAGTAGGACAGATGTTTTTACTTGTTCGAAAGCTGAAGTCATTTGTCTCCCCCCCCAAAAAAAAGGTCTGTCACACCATCGGCCAAAAG,TGTGCAGCCATTAAAGGACATTAATTTTTTTAGTAGGACAGATGTTTTTACTTGTTCGAAAGCTGAAGTCATTTGTCTCCCCCCCCAAAAAAAAGGTCTGTCACACCATCGGCCAAAAG,"22, 23, 109",
tag_id_2_1579,NC_037102.1:70807114-70807248,,CGA CAG GTT CAG AGT TCT ACA GTC CGA CGA TCA CAT TTT CCT TCC ACT GAC TTG T,GTG ACT GGA GTT CAG ACG TGT GCT CTT CCG ATC TTG CCA CAA ATT ATG CCA GCT,ACATTTTCCTTCCACTGACTTGTGTAAAGCACTGAAGGATATGTAAATATCTAGATGTTCTGTTCTCAACCCATTTGTATTGTAAAGGAGCACACTCATCCGTCTACATCTACGTAGCTGGCATAATTTGTGGCA,ACATTTTCCTTCCACTGACTTGTGTAAAGCACTGAAGGATATGTAAATATCTAGATGTTCTGTTCTCAACCCATTTGTATTGTAAAGGAGCACACTCATCCGTCTACATCTACGTAGCTGGCATAATTTGTGGCA,"30, 89, 101, 117, 128",
tag_id_2_1586,NC_037108.1:33931250-33931355,NC_037099.1:6585253-6585358,CGA CAG GTT CAG AGT TCT ACA GTC CGA CGA TCT TCT CTA CTT TGT GGT GAT CAA,GTG ACT GGA GTT CAG ACG TGT GCT CTT CCG ATC TTG ACA ACG GGC ACT TCA TTG,TTCTCTACTTTGTGGTGATCAAATAGTAAGTCGGTAGGCAGAGTCTACACCCCCTTGTCGGAGATTGGTCACCAGTAGGGATTCTTCAATGAAGTGCCCGTTGTCA,TTCTCTACTTTGTGGTGATCAAATAGTAAGTCGGTAGGCAGAGTCTACACCCCCTTGTCGGAGATTGGTCACCAGTAGGGATTCTTCAATGAAGTGCCCGTTGTCA,"33, 38, 64, 86, 95",
tag_id_2_1693,NW_020129216.1:210017-210127,,CGA CAG GTT CAG AGT TCT ACA GTC CGA CGA TCA GCT TGC CTT CAT TAC TGC TG,GTG ACT GGA GTT CAG ACG TGT GCT CTT CCG ATC TGT GTG AAG AGG TTG ACG TTC A,AGCTTGCCTTCATTACTGCTGGCTCTAAAATAACCCGGATGAGTAATGCACAACAAAAATATTTTACAATCGAATTAGGATACGCTTAAATGAACGTCAACCTCTTCACAC,AGCTTGCCTTCATTACTGCTGGCTCTAAAATAACCCGGATGAGTAATGCACAACAAAAATATTTTACAATCGAATTAGGATACGCTTAAATGAACGTCAACCTCTTCACAC,"36, 39",
tag_id_2_188,NC_037115.1:14672412-14672524,,CGA CAG GTT CAG AGT TCT ACA GTC CGA CGA TCT GCG TGT TGA AGT GTA GCT G,GTG ACT GGA GTT CAG ACG TGT GCT CTT CCG ATC TAA ACG GGT CCA GGT CGC T,TGCGTGTTGAAGTGTAGCTGTTTTTTCTGTCTTGACACAGTTGATTTGTAGTAGGGACATAGATTGTTTGCAACGATCACCGTCTGTCCCTCGCCAGCGACCTGGACCCGTTT,TGCGTGTTGAAGTGTAGCTGTTTTTTCTGTCTTGACACAGTTGATTTGTAGTAGGGACATAGATTGTTTGCAACGATCACCGTCTGTCCCTCGCCAGCGACCTGGACCCGTTT,"45, 53, 81",
tag_id_2_1887,NC_037116.1:23067782-23067927,NC_037116.1:21412576-21412721,CGA CAG GTT CAG AGT TCT ACA GTC CGA CGA TCG GAA GTA AGA GAA ATA GGG GAG G,GTG ACT GGA GTT CAG ACG TGT GCT CTT CCG ATC TCA AGA TAA CAA AAC AAG AGC CTG,GGAAGTAAGAGAAATAGGGGAGGTAATTCATAACGTGATGGACTCCAGGTGAGTTCGATAAAGCTGAGGTCTGTCTGTAATAAAGATATTTTTTTGACCCCACATTCCAAAAAGCAAGTCCTGCAGGCTCTTGTTTTGTTATCTTG,GGAAGTAAGAGAAATAGGGGAGGTAATTCATAACGTGATGGACTCCAGGTGAGTTCGATAAAGCTGAGGTCTGTCTGTAATAAAGATATTTTTTTGACCCCACATTCCAAAAAGCAAGTCCTGCAGGCTCTTGTTTTGTTATCTTG,"43, 56, 79, 118, 123",
tag_id_2_20,NC_037129.1:242204-242332,,CGA CAG GTT CAG AGT TCT ACA GTC CGA CGA TCA GGA TTG GGA GCT AGG TGT T,GTG ACT GGA GTT CAG ACG TGT GCT CTT CCG ATC TAG GGG ATG AAT GAG CTG GAC,AGGATTGGGAGCTAGGTGTTGTTTCTAGGTAGGCACTATGGATTCCATTTCAGAGTTAATTCAATTTTAACAAGTGACATCAAACTGAGATGTAGCCCTTAAAGAGAATGTCCAGCTCATTCATCCCCT,AGGATTGGGAGCTAGGTGTTGTTTCTAGGTAGGCACTATGGATTCCATTTCAGAGTTAATTCAATTTTAACAAGTGACATCAAACTGAGATGTAGCCCTTAAAGAGAATGTCCAGCTCATTCATCCCCT,"30, 73, 89",
tag_id_2_206,NC_037106.1:9873706-9873844,,CGA CAG GTT CAG AGT TCT ACA GTC CGA CGA TCC TTC GCC TGG GTT GGA ATC T,GTG ACT GGA GTT CAG ACG TGT GCT CTT CCG ATC TGT GAC AGC AGG TAC AGG TCA,CTTCGCCTGGGTTGGAATCTGAGCCATGCACTCTTCAATATTTACATAAACCAATTGGCCACTATTCTAAAAAAATAGTGTCTCCACAATTTAGAGGTTTAATGCCTGCTCTTCACAGATGACCTGTACCTGCTGTCAC,CTTCGCCTGGGTTGGAATCTGAGCCATGCACTCTTCAATATTTACATAAACCAATTGGCCACTATTCTAAAAAAATAGTGTCTCCACAATTTAGAGGTTTAATGCCTGCTCTTCACAGATGACCTGTACCTGCTGTCAC,"26, 34, 48, 52, 70, 92, 100, 105, 111, 115, 118",
tag_id_2_2222,NC_037100.1:55474512-55474653,,CGA CAG GTT CAG AGT TCT ACA GTC CGA CGA TCA GTG CAA TCT AAC GTG GGG A,GTG ACT GGA GTT CAG ACG TGT GCT CTT CCG ATC TAC AAG TCG GGT CAG GTC AG,AGTGCAATCTAACGTGGGGAGGGTAATGAGTGATCCTTGGAAAAATAAACTGCTTTGGTTCTAATCAAAGACTAGGTCGGGCACGTGCCTGATATGCACGGTGAACACACACACACCGGTCCGCTGACCTGACCCGACTTGT,AGTGCAATCTAACGTGGGGAGGGTAATGAGTGATCCTTGGAAAAATAAACTGCTTTGGTTCTAATCAAAGACTAGGTCGGGCACGTGCCTGATATGCACGGTGAACACACACACACCGGTCCGCTGACCTGACCCGACTTGT,"40, 73",
tag_id_2_234,NC_037099.1:50386580-50386725,,CGA CAG GTT CAG AGT TCT ACA GTC CGA CGA TCT GCT AAC TAC CAC CTC CTA GC,GTG ACT GGA GTT CAG ACG TGT GCT CTT CCG ATC TCG TTA GCT AGC CAA TTA GAG G,TGCTAACTACCACCTCCTAGCTGTAGCTAGCTTAGTTCCCGTTTTCTAGTTCGCCTAGCATTAACCTACTTAGTGCTTACTAACTGAACCGGTCCTTCTACGCTGTGATCCGATCTACGAGACAGCCTCTAATTGGCTAGCTAACG,TGCTAACTACCACCTCCTAGCTGTAGCTAGCTTAGTTCCCGTTTTCTAGTTCGCCTAGCATTAACCTACTTAGTGCTTACTAACTGAACCGGTCCTTCTACGCTGTGATCCGATCTACGAGACAGCCTCTAATTGGCTAGCTAACG,"39, 54, 64, 114, 121, 123, 124",
tag_id_2_2632,NC_037121.1:13194147-13194274,,CGA CAG GTT CAG AGT TCT ACA GTC CGA CGA TCT TCA GAT TTC CAG GGG CAA C,GTG ACT GGA GTT CAG ACG TGT GCT CTT CCG ATC TAG CTA GTT CTT AGG CGT GCA,TTCAGATTTCCAGGGGCAACAATGTAAGAAAAAATACATAAAAAAACTAAATACTGCATAGTTTCCTAAGGACTCGAAGCATGGCGACCACCTCTGTCGGTGACATCTTGCACGCCTAAGAACTAGCT,TTCAGATTTCCAGGGGCAACAATGTAAGAAAAAATACATAAAAAAACTAAATACTGCATAGTTTCCTAAGGACTCGAAGCATGGCGACCACCTCTGTCGGTGACATCTTGCACGCCTAAGAACTAGCT,"60, 103, 120",
tag_id_2_2741,NC_037126.1:20362171-20362283,,CGA CAG GTT CAG AGT TCT ACA GTC CGA CGA TCC ACG CTC CAC ATT GCT AAC A,GTG ACT GGA GTT CAG ACG TGT GCT CTT CCG ATC TTG TTC ATC CAG CAA TTT CCC TG,CACGCTCCACATTGCTAACATGCTAATGGATAATGGCTGATAGCTATAGCAGATGGAAAATTGCTGCCTGCCAAACCAGCGGTTGCTGAGGCAGGGAAATTGCTGGATGAACA,CACGCTCCACATTGCTAACATGCTAATGGATAATGGCTGATAGCTATAGCAGATGGAAAATTGCTGCCTGCCAAACCAGCGGTTGCTGAGGCAGGGAAATTGCTGGATGAACA,"39, 66, 73, 81, 86",
tag_id_2_2787,NW_020130648.1:45249-45347,,CGA CAG GTT CAG AGT TCT ACA GTC CGA CGA TCA CAA CAG GGC ATT GAC TAC A,GTG ACT GGA GTT CAG ACG TGT GCT CTT CCG ATC TTT TAA TAG AGC TGG CAG GCC,ACAACAGGGCATTGACTACATTCTGGTATTGATGAGATAGAATATAGTAACCTAAATACATTGGACTGTTGTAGAAACTGGCCTGCCAGCTCTATTAAA,ACAACAGGGCATTGACTACATTCTGGTATTGATGAGATAGAATATAGTAACCTAAATACATTGGACTGTTGTAGAAACTGGCCTGCCAGCTCTATTAAA,"35, 40, 76",
tag_id_2_284,NC_037099.1:11133262-11133378,,CGA CAG GTT CAG AGT TCT ACA GTC CGA CGA TCC ACG TAG CAG GAC AAA TCT GG,GTG ACT GGA GTT CAG ACG TGT GCT CTT CCG ATC TTC CAT TGC AAT CTC TGT GAG,CACGTAGCAGGACAAATCTGGTTTGTGACCCCCTATGTCAGAGTTCACATAGGTGAAGAGCTTAATTATTATGCTCTCGTCTTTCCTCTCTTGTCCTCTCACAGAGATTGCAATGGA,CACGTAGCAGGACAAATCTGGTTTGTGACCCCCTATGTCAGAGTTCACATAGGTGAAGAGCTTAATTATTATGCTCTCGTCTTTCCTCTCTTGTCCTCTCACAGAGATTGCAATGGA,"37, 44, 50, 79, 83, 96, 99, 108",
tag_id_2_3026,NW_020142510.1:8464759-8464892,NC_037101.1:37286411-37286544,CGA CAG GTT CAG AGT TCT ACA GTC CGA CGA TCT CCA ATT CCA CAT GTT CCT CA,GTG ACT GGA GTT CAG ACG TGT GCT CTT CCG ATC TTC GCT TAT CCC TCC AAG TTT,TCCAATTCCACATGTTCCTCATTGAAAAGCATGGAAGAGAATAGGAATTGGAATTTTAGTGTGCTTCTTGAATTGTCTGGAATTGACCCCAACCCTGACTCCTTAAAAATCCTTAAACTTGGAGGGATAAGCGA,TCCAATTCCACATGTTCCTCATTGAAAAGCATGGAAGAGAATAGGAATTGGAATTTTAGTGTGCTTCTTGAATTGTCTGGAATTGACCCCAACCCTGACTCCTTAAAAATCCTTAAACTTGGAGGGATAAGCGA,"63, 80, 112, 119",
tag_id_2_3094,NC_037099.1:43770684-43770808,,CGA CAG GTT CAG AGT TCT ACA GTC CGA CGA TCT GGA GAG ATC TAG TTG GTG TTC T,GTG ACT GGA GTT CAG ACG TGT GCT CTT CCG ATC TGG ACG AAT TGC ACA AAC AGG,TGGAGAGATCTAGTTGGTGTTCTATTGCTGAGGCAGGCTCTCGAAACGAACCACACAAACTTTATTCTATAAGTAAGACCATTGCTTACCTTCTTAAGGTGGCAACCTGTTTGTGCAATTCGTCC,TGGAGAGATCTAGTTGGTGTTCTATTGCTGAGGCAGGCTCTCGAAACGAACCACACAAACTTTATTCTATAAGTAAGACCATTGCTTACCTTCTTAAGGTGGCAACCTGTTTGTGCAATTCGTCC,"27, 66, 75",
tag_id_2_311,NC_037099.1:59018805-59018937,,CGA CAG GTT CAG AGT TCT ACA GTC CGA CGA TCT CAC AAT AAA CAT GAA ACT TCC AA,GTG ACT GGA GTT CAG ACG TGT GCT CTT CCG ATC TAA CGG CCT TGC ATA GTG TGT,TCACAATAAACATGAAACTTCCAATACCGAGACCATTGAGTGCTTTTGACCAAGAAGTGACAGGTTGGCGCAAAATCTTTGTTGCGCTCTATCAGCACCATGGACAGCGCCCTACACACTATGCAAGGCCGTT,TCACAATAAACATGAAACTTCCAATACCGAGACCATTGAGTGCTTTTGACCAAGAAGTGACAGGTTGGCGCAAAATCTTTGTTGCGCTCTATCAGCACCATGGACAGCGCCCTACACACTATGCAAGGCCGTT,"26, 50",
tag_id_2_321,NC_037109.1:30728850-30728990,,CGA CAG GTT CAG AGT TCT ACA GTC CGA CGA TCT GGT GGG ACT GTT TAT TCA TGT,GTG ACT GGA GTT CAG ACG TGT GCT CTT CCG ATC TAC CCT TGA ATG AGT AGG TGT ACA,TGGTGGGACTGTTTATTCATGTATGAAGCTGTTATTCAATGTGTTTTTATGGGCTCATAGCAGTACGGCCAAAGTCACTGTTTAAAAAAATATATACATACAGTACTGGTCTAAAGTTTGTACACCTACTCATTCAAGGGT,TGGTGGGACTGTTTATTCATGTATGAAGCTGTTATTCAATGTGTTTTTATGGGCTCATAGCAGTACGGCCAAAGTCACTGTTTAAAAAAATATATACATACAGTACTGGTCTAAAGTTTGTACACCTACTCATTCAAGGGT,"42, 53, 66, 73, 106, 110, 130, 134",
tag_id_2_332,NW_020142520.1:82063-82191,,CGA CAG GTT CAG AGT TCT ACA GTC CGA CGA TCG TGT GTC CAA ACT GTT ACT GC,GTG ACT GGA GTT CAG ACG TGT GCT CTT CCG ATC TTG GCC AAA TAA ATA CTG TAC CA,GTGTGTCCAAACTGTTACTGCACATGCCATGCAATATCAATATCAATTATTCATACGTACGTATAGCATGTGAGAAAGGGAAACCATTCCACTGAAATGGATGGGGATGGTACAGTATTTATTTGGCCA,GTGTGTCCAAACTGTTACTGCACATGCCATGCAATATCAATATCAATTATTCATACGTACGTATAGCATGTGAGAAAGGGAAACCATTCCACTGAAATGGATGGGGATGGTACAGTATTTATTTGGCCA,"52, 106, 111, 113",
tag_id_2_3452,NC_037122.1:24504948-24505089,,CGA CAG GTT CAG AGT TCT ACA GTC CGA CGA TCT CCC GCT GTT ACC AAC TAA GT,GTG ACT GGA GTT CAG ACG TGT GCT CTT CCG ATC TTC ACA CCA GAC AGC AGC TTA,TCCCGCTGTTACCAACTAAGTTTACCTTTTAAAATAATTTTCTGTAGAATAGGGAGAATATTGAACTATTAAATGCACCCAACCATTTTAAACCTGTTATCCTACTCTCAAAATACTTTGCCTAAGCTGCTGTCTGGTGTGA,TCCCGCTGTTACCAACTAAGTTTACCTTTTAAAATAATTTTCTGTAGAATAGGGAGAATATTGAACTATTAAATGCACCCAACCATTTTAAACCTGTTATCCTACTCTCAAAATACTTTGCCTAAGCTGCTGTCTGGTGTGA,"36, 60, 94",
tag_id_2_3471,NC_037125.1:25498581-25498705,,CGA CAG GTT CAG AGT TCT ACA GTC CGA CGA TCA TTC CCA GAT CAT CTC AGA GA,GTG ACT GGA GTT CAG ACG TGT GCT CTT CCG ATC TAA ATG GCA CCC TAT TCC CCA,ATTCCCAGATCATCTCAGAGATGGCTCCATTTGGGTACAGTGCAGCTCAGGTTGCGTACCAAATGCTACTTCCTATATAGTGCAATACTTTTGGCCAGAGCACCATGGGGAATAGGGTGCCATTT,ATTCCCAGATCATCTCAGAGATGGCTCCATTTGGGTACAGTGCAGCTCAGGTTGCGTACCAAATGCTACTTCCTATATAGTGCAATACTTTTGGCCAGAGCACCATGGGGAATAGGGTGCCATTT,"33, 90, 98, 113",
tag_id_2_40,NC_037115.1:8888367-8888504,,CGA CAG GTT CAG AGT TCT ACA GTC CGA CGA TCC CCT GAT TGG CTT TGG GG,GTG ACT GGA GTT CAG ACG TGT GCT CTT CCG ATC TCG CTC AGC CTT CTC TCT TCA,CCCTGATTGGCTTTGGGGTCTGTGTTATTAAAGAATAACATCAGCTGCTAACATTTGGTGCCGTGACCTGGATGAATTGGTCTGAACAACAAGAAAAAACTCAACTGTGTGTTGATCCTGAAGAGAGAAGGCTGAGCG,CCCTGATTGGCTTTGGGGTCTGTGTTATTAAAGAATAACATCAGCTGCTAACATTTGGTGCCGTGACCTGGATGAATTGGTCTGAACAACAAGAAAAAACTCAACTGTGTGTTGATCCTGAAGAGAGAAGGCTGAGCG,"19, 114",
tag_id_2_414,NW_020142510.1:14552584-14552710,NC_037102.1:29542219-29542345,CGA CAG GTT CAG AGT TCT ACA GTC CGA CGA TCC AAC TCA GTG AAA CGT TCC ATT,GTG ACT GGA GTT CAG ACG TGT GCT CTT CCG ATC TGC CAC TGT CCT GAA GTC ACT,CAACTCAGTGAAACGTTCCATTACACTTTCATGCTGTCACTCAAGCTGCAGATGGTGCCCTAATTCTGGAAGCTCCTATGGCCATAAGCAAATTCCCTAAGGTGCTAAGTGACTTCAGGACAGTGGC,CAACTCAGTGAAACGTTCCATTACACTTTCATGCTGTCACTCAAGCTGCAGATGGTGCCCTAATTCTGGAAGCTCCTATGGCCATAAGCAAATTCCCTAAGGTGCTAAGTGACTTCAGGACAGTGGC,"26, 42",
tag_id_2_419,NC_037097.1:57292509-57292640,,CGA CAG GTT CAG AGT TCT ACA GTC CGA CGA TCC TTC TCT CGT TGG GTT AAG CC,GTG ACT GGA GTT CAG ACG TGT GCT CTT CCG ATC TTC ATC AGA GCA TGG TAC TTA GA,CTTCTCTCGTTGGGTTAAGCCACGGAAGAAGAGTAGCTAGCAGTTAAAGCTTACATTTTTCTGCATCGGTAGGCCAACTCTGTCTGGGGTGGAAAGGTATGCCTAACTTTTCTAAGTACCATGCTCTGATGA,CTTCTCTCGTTGGGTTAAGCCACGGAAGAAGAGTAGCTAGCAGTTAAAGCTTACATTTTTCTGCATCGGTAGGCCAACTCTGTCTGGGGTGGAAAGGTATGCCTAACTTTTCTAAGTACCATGCTCTGATGA,"36, 47, 100, 101, 125, 130",
tag_id_2_487,NC_037124.1:5130279-5130392,,CGA CAG GTT CAG AGT TCT ACA GTC CGA CGA TCT GAT ATT CGC AGT GAG TAA CGC,GTG ACT GGA GTT CAG ACG TGT GCT CTT CCG ATC TTG TTA TGT CCA GTG GTG AAG TG,TGATATTCGCAGTGAGTAACGCTCCCTATACTTTCAATGCCTTTTTCCGCAAAAGATGAGTCAACACCAGTGCATAAATGGTGTTTACTCTCCACTTCACCACTGGACATAACA,TGATATTCGCAGTGAGTAACGCTCCCTATACTTTCAATGCCTTTTTCCGCAAAAGATGAGTCAACACCAGTGCATAAATGGTGTTTACTCTCCACTTCACCACTGGACATAACA,"28, 42, 69",
tag_id_2_502,NC_037121.1:11211514-11211648,,CGA CAG GTT CAG AGT TCT ACA GTC CGA CGA TCG ACA TTC GCG TTA TAT GCC CA,GTG ACT GGA GTT CAG ACG TGT GCT CTT CCG ATC TTG TAA TTC CGC GAT ACT CAA A,GACATTCGCGTTATATGCCCATTCATCCACCCCGACCAACCACCCTACTTTCGTTTTTGCCTCAAGTAACCTTCCGCCTTATGTAACCATACCAAACGTAACATATCATACTAATTTGAGTATCGCGGAATTACA,GACATTCGCGTTATATGCCCATTCATCCACCCCGACCAACCACCCTACTTTCGTTTTTGCCTCAAGTAACCTTCCGCCTTATGTAACCATACCAAACGTAACATATCATACTAATTTGAGTATCGCGGAATTACA,"32, 52, 77, 78, 106, 117, 123",
tag_id_2_58,NC_037104.1:43807982-43808115,,CGA CAG GTT CAG AGT TCT ACA GTC CGA CGA TCT GTC TTG CAA ATG TCA GTT GTG,GTG ACT GGA GTT CAG ACG TGT GCT CTT CCG ATC TGT GGG AGG TTA GGG GAA GTC,TGTCTTGCAAATGTCAGTTGTGATACCTTTAAATGACACGTAATACTTGTATCAGTTCAGATTCATTAAGTAGTATCTTCAATGACTTTATGAGTCAACATCACATAACTTCATGACTTCCCCTAACCTCCCAC,TGTCTTGCAAATGTCAGTTGTGATACCTTTAAATGACACGTAATACTTGTATCAGTTCAGATTCATTAAGTAGTATCTTCAATGACTTTATGAGTCAACATCACATAACTTCATGACTTCCCCTAACCTCCCAC,"26, 39, 40, 60",
tag_id_2_633,NW_020128811.1:1393686-1393821,"NC_037101.1:27133438-27133573, NC_037101.1:44237155-44237290",CGA CAG GTT CAG AGT TCT ACA GTC CGA CGA TCG GTC AGG GTA GAG GTC TGG A,GTG ACT GGA GTT CAG ACG TGT GCT CTT CCG ATC TGG GAG AGA AAA AGG GAA GGA,GGTCAGGGTAGAGGTCTGGAGACTGGAGGGAACTATCCAAGTGCTGTCAAGAGAGGTTTGTAGACTGAGGTGGAAAGACTGAGAATCTGAAGAAACGTTCAAGCTTCTCCTCTTATTCCTTCCCTTTTTCTCTCCC,GGTCAGGGTAGAGGTCTGGAGACTGGAGGGAACTATCCAAGTGCTGTCAAGAGAGGTTTGTAGACTGAGGTGGAAAGACTGAGAATCTGAAGAAACGTTCAAGCTTCTCCTCTTATTCCTTCCCTTTTTCTCTCCC,"31, 97",
tag_id_2_661,NW_020128818.1:745582-745720,NC_037121.1:17273179-17273317,CGA CAG GTT CAG AGT TCT ACA GTC CGA CGA TCT AAA GGG AAG TGG CCA TGC T,GTG ACT GGA GTT CAG ACG TGT GCT CTT CCG ATC TCT AGA CCA GGG CTG CGC T,TAAAGGGAAGTGGCCATGCTGACAGCGTTTGCCAACCCACACCCTCCCCGTTTTTTAACTGGTCATTCAGTACAGCACCGTTTCCGTTCAACTGAACGTTCCAGAACGTAAAAACGTGCTGAGCGCAGCCCTGGTCTAG,TAAAGGGAAGTGGCCATGCTGACAGCGTTTGCCAACCCACACCCTCCCCGTTTTTTAACTGGTCATTCAGTACAGCACCGTTTCCGTTCAACTGAACGTTCCAGAACGTAAAAACGTGCTGAGCGCAGCCCTGGTCTAG,"30, 31, 121",
tag_id_2_694,NC_037102.1:48125600-48125729,,CGA CAG GTT CAG AGT TCT ACA GTC CGA CGA TCC TGC ATC AAT GGC TCG TAG G,GTG ACT GGA GTT CAG ACG TGT GCT CTT CCG ATC TAC AAG GTT CTG ACA AGG GCT,CTGCATCAATGGCTCGTAGGCTATGTTTGGAAACCAGGAGATACTAAATGTATTTATGTTAATTAACGGTCACTTACCGTGAGACAGACAGTTATTTGCTTGACCGCCACAGCCCTTGTCAGAACCTTGT,CTGCATCAATGGCTCGTAGGCTATGTTTGGAAACCAGGAGATACTAAATGTATTTATGTTAATTAACGGTCACTTACCGTGAGACAGACAGTTATTTGCTTGACCGCCACAGCCCTTGTCAGAACCTTGT,"33, 55",
tag_id_2_700,NC_037103.1:68084688-68084787,,CGA CAG GTT CAG AGT TCT ACA GTC CGA CGA TCA ATT TGC TGA CCT TGC CAA T,GTG ACT GGA GTT CAG ACG TGT GCT CTT CCG ATC TAG CTC TGG AGC ACC TTA AAG AA,AATTTGCTGACCTTGCCAATGAAAAAATCATTAAAGTAATTGACAATATCTATTGAGTTTACCTTTGTTCACAAAATGTTCTTTAAGGTGCTCCAGAGCT,AATTTGCTGACCTTGCCAATGAAAAAATCATTAAAGTAATTGACAATATCTATTGAGTTTACCTTTGTTCACAAAATGTTCTTTAAGGTGCTCCAGAGCT,"39, 43, 45, 52",
tag_id_2_705,NC_037097.1:36450790-36450915,,CGA CAG GTT CAG AGT TCT ACA GTC CGA CGA TCC CTA TCA CGG CCA GAA AAG G,GTG ACT GGA GTT CAG ACG TGT GCT CTT CCG ATC TGC AAA TCA GGG ATA TGG TGA,CCTATCACGGCCAGAAAAGGTGAGGAAATAAAACAGATTTTCTCTCCTCAGTAATGGCAAATGGCTGCATTCTTGTTCATGTTGAGTTTTTTTACGAATACGCTTTTCACCATATCCCTGATTTGC,CCTATCACGGCCAGAAAAGGTGAGGAAATAAAACAGATTTTCTCTCCTCAGTAATGGCAAATGGCTGCATTCTTGTTCATGTTGAGTTTTTTTACGAATACGCTTTTCACCATATCCCTGATTTGC,"30, 35, 49, 101",
tag_id_2_749,NC_037106.1:43631019-43631151,,CGA CAG GTT CAG AGT TCT ACA GTC CGA CGA TCA CAT CAT ACC TGT GAA ACG TT,GTG ACT GGA GTT CAG ACG TGT GCT CTT CCG ATC TCA CTT AGC TCT GTT GCC CC,ACATCATACCTGTGAAACGTTTTAAACTTTCTTTGCGCTTTAATTTCCGGACAGGGTGCAAAGGACCCTAAGCACCATCGACTATGATCAAATCTGTCACTAACTTTAAGACAGGGGGCAACAGAGCTAAGTG,ACATCATACCTGTGAAACGTTTTAAACTTTCTTTGCGCTTTAATTTCCGGACAGGGTGCAAAGGACCCTAAGCACCATCGACTATGATCAAATCTGTCACTAACTTTAAGACAGGGGGCAACAGAGCTAAGTG,"23, 37, 110",
tag_id_2_786,NC_037129.1:18288148-18288273,NW_020128815.1:2398055-2398180,CGA CAG GTT CAG AGT TCT ACA GTC CGA CGA TCT GTA TAG TGG CCA TAA CTC CA,GTG ACT GGA GTT CAG ACG TGT GCT CTT CCG ATC TTG TGA CAA TGC AGT ACC TTA TTG,TGTATAGTGGCCATAACTCCATAATAGGCCAAAAGGCGTATTATTTTTGCTTGGATTAGTAGCGGAGCCGTTCGAAGCAAAATATGTTCAACTATTTTGAATACAATAAGGTACTGCATTGTCACA,TGTATAGTGGCCATAACTCCATAATAGGCCAAAAGGCGTATTATTTTTGCTTGGATTAGTAGCGGAGCCGTTCGAAGCAAAATATGTTCAACTATTTTGAATACAATAAGGTACTGCATTGTCACA,"37, 38, 52, 97, 107, 115",
tag_id_2_855,NC_037098.1:37986966-37987105,,CGA CAG GTT CAG AGT TCT ACA GTC CGA CGA TCG CCT AAA TGC CCT GTA GAC A,GTG ACT GGA GTT CAG ACG TGT GCT CTT CCG ATC TTT GGC TTC TTT GGG TCA CTG,GCCTAAATGCCCTGTAGACAAAGTAGGAATTATATATAAAATTGATGAATAAGGTGGTCGGTCTTAAGTTATTAAGGCACTCTGACAACCATGAGGGAAGTGAGGGAAGAACTAGATTAGCAGTGACCCAAAGAAGCCAA,GCCTAAATGCCCTGTAGACAAAGTAGGAATTATATATAAAATTGATGAATAAGGTGGTCGGTCTTAAGTTATTAAGGCACTCTGACAACCATGAGGGAAGTGAGGGAAGAACTAGATTAGCAGTGACCCAAAGAAGCCAA,"91, 109, 115",
tag_id_2_859,NC_037115.1:31811981-31812111,,CGA CAG GTT CAG AGT TCT ACA GTC CGA CGA TCC CTG ACC CTT CCA ACT GTG T,GTG ACT GGA GTT CAG ACG TGT GCT CTT CCG ATC TCG CAA TAG TGT CCG CCA TTT,CCTGACCCTTCCAACTGTGTATAGGACAATCCCAGGTTCAGTAAATTAGTTGTCGCTTTTATGCTGGAGATTGGAGCAAGACAGAAAAGGATTCTCACATATTTTAAATCAAAATGGCGGACACTATTGCG,CCTGACCCTTCCAACTGTGTATAGGACAATCCCAGGTTCAGTAAATTAGTTGTCGCTTTTATGCTGGAGATTGGAGCAAGACAGAAAAGGATTCTCACATATTTTAAATCAAAATGGCGGACACTATTGCG,"52, 63",
tag_id_2_9,NC_037130.1:12239316-12239445,NC_037130.1:9658746-9658875,CGA CAG GTT CAG AGT TCT ACA GTC CGA CGA TCC TCT TCC CAA CGA TGC AGA G,GTG ACT GGA GTT CAG ACG TGT GCT CTT CCG ATC TCC AGA GAG GAC GAG GCT AAA,CTCTTCCCAACGATGCAGAGTTTAAAAATAAAATATTAACACAAGGAATAAAAAATAATTTACCTCCATACAAAAATGTCTAACTTTGTGGGCTTATTTTCGTGAACAGATTTAGCCTCGTCCTCTCTGG,CTCTTCCCAACGATGCAGAGTTTAAAAATAAAATATTAACACAAGGAATAAAAAATAATTTACCTCCATACAAAAATGTCTAACTTTGTGGGCTTATTTTCGTGAACAGATTTAGCCTCGTCCTCTCTGG,"36, 82",
tag_id_2_911,NC_037097.1:22501138-22501253,,CGA CAG GTT CAG AGT TCT ACA GTC CGA CGA TCC TGT CAG GAG CCT CGG TTT,GTG ACT GGA GTT CAG ACG TGT GCT CTT CCG ATC TCG GAA AGA TCC CAC ACT GAT,CTGTCAGGAGCCTCGGTTTTTGCCAAGCTTTAGATCAAGCTTTAGATCAACAAGCTTTAGATCGAATTCTGCCCTTGTCTCTCGCTACATCGGTCAGTTACATTGGTGATCAGTGTGGGATCTTTCCG,CTGTCAGGAGCCTCGGTTTTTGCCAAGCTTTAGATCAAGCTTTAGATCAACAAGCTTTAGATCGAATTCTGCCCTTGTCTCTCGCTACATCGGTCAGTTACATTGGTGATCAGTGTGGGATCTTTCCG,"64, 73",
tag_id_2_935,NC_037120.1:10452648-10452785,,CGA CAG GTT CAG AGT TCT ACA GTC CGA CGA TCA CAT TTG AGA GGC GCT AGG T,GTG ACT GGA GTT CAG ACG TGT GCT CTT CCG ATC TAC GAG TGC CAA TTT ATG CTT GA,ACATTTGAGAGGCGCTAGGTGATGCGGTACGGAGCTCAATTTGGCCTCTGGGTCCCTCTGGAGACTCCGCGATTGCATCACAATATCCATACGGCGCCTCAGAATACATTTTCGGATCAAGCATAAATTGGCACTCGT,ACATTTGAGAGGCGCTAGGTGATGCGGTACGGAGCTCAATTTGGCCTCTGGGTCCCTCTGGAGACTCCGCGATTGCATCACAATATCCATACGGCGCCTCAGAATACATTTTCGGATCAAGCATAAATTGGCACTCGT,"49, 99, 101, 114, 117",
tag_id_2_939,NC_037118.1:34828530-34828650,,CGA CAG GTT CAG AGT TCT ACA GTC CGA CGA TCC GGC AAT AGC CTA TCC TTG A,GTG ACT GGA GTT CAG ACG TGT GCT CTT CCG ATC TGG GCC ACA AAC AGA CAA ATA A,CGGCAATAGCCTATCCTTGACAAGGATTGATGAGTTGTGCGTTCCGAGTTGTCGTTCTGCACACCACTGTTGTACTGCGCACCACTGTTGTACTGCACAATTATTTGTCTGTTTGTGGCCC,CGGCAATAGCCTATCCTTGACAAGGATTGATGAGTTGTGCGTTCCGAGTTGTCGTTCTGCACACCACTGTTGTACTGCGCACCACTGTTGTACTGCACAATTATTTGTCTGTTTGTGGCCC,"40, 49, 52, 95, 97, 110, 114",
tag_id_2_953,NC_037115.1:21554224-21554352,,CGA CAG GTT CAG AGT TCT ACA GTC CGA CGA TCG GAG ATC CGG GGC TAT GC,GTG ACT GGA GTT CAG ACG TGT GCT CTT CCG ATC TCA TCC ACT GTA ACG TAC GAC T,GGAGATCCGGGGCTATGCGTGTGTATGTCCTACGTCAAACTGCTCTCCAAATTCGCTACAACGCCGCTATTTCACTCATTACAAATTGAGTGCCCCAACCTGTAGACTAGTCGTACGTTACAGTGGATG,GGAGATCCGGGGCTATGCGTGTGTATGTCCTACGTCAAACTGCTCTCCAAATTCGCTACAACGCCGCTATTTCACTCATTACAAATTGAGTGCCCCAACCTGTAGACTAGTCGTACGTTACAGTGGATG,"20, 42, 66, 90, 101, 106",
tag_id_2_978,NC_037112.1:2733596-2733694,,CGA CAG GTT CAG AGT TCT ACA GTC CGA CGA TCT TCG GTG CAT AGA ACT ATT TGA,GTG ACT GGA GTT CAG ACG TGT GCT CTT CCG ATC TCG ATG TCT TAA TTG CGA TTG TGC,TTCGGTGCATAGAACTATTTGATATACAACAATTTATCGTTCGATTGTTGTTCACATGATAGTTTCAATCTTTCAAGCACAATCGCAATTAAGACATCG,TTCGGTGCATAGAACTATTTGATATACAACAATTTATCGTTCGATTGTTGTTCACATGATAGTTTCAATCTTTCAAGCACAATCGCAATTAAGACATCG,"35, 55, 97",
tag_id_2_98,NC_037117.1:12241108-12241241,,CGA CAG GTT CAG AGT TCT ACA GTC CGA CGA TCA GAG GAA ACA AAT CAC TGA CCA,GTG ACT GGA GTT CAG ACG TGT GCT CTT CCG ATC TAC CAC AAT CAC ATT CTC CCC A,AGAGGAAACAAATCACTGACCAAGGTTGCTTCGAATTGAGCACTAGTACACCGTAACTAAAGTGACATTAAAACTTACATCTTTATATCACAGGAGGTTGTTGGCACCTTAATTGGGGAGAATGTGATTGTGGT,AGAGGAAACAAATCACTGACCAAGGTTGCTTCGAATTGAGCACTAGTACACCGTAACTAAAGTGACATTAAAACTTACATCTTTATATCACAGGAGGTTGTTGGCACCTTAATTGGGGAGAATGTGATTGTGGT,"33, 45, 53, 79",
tag_id_3194,NW_020128909.1:328947-329091,,CGA CAG GTT CAG AGT TCT ACA GTC CGA CGA TCG ACT GAC ATT ATA TGC CCC AT,GTG ACT GGA GTT CAG ACG TGT GCT CTT CCG ATC TGG AAA TAG AGA GGC TAC AAA GAC,GACTGACATTATATGCCCCATACGTGACATACAATAAGTAATATATATATTTTTTACTAGAGTCAGCCACAAATCATATGGACAGATACAGTACAGTAATCTTGTGTTTCAGAAAATAATGTTGTCTTTGTAGCCTCTCTATTTCC,GACTGACATTATATGCCCCATACGTGACATACAATAAGTAATATATATATTTTTTACTAGAGTCAGCCACAAATCATATGGACAGATACAGTACAGTAATCTTGTGTTTCAGAAAATAATGTTGTCTTTGTAGCCTCTCTATTTCC,"17, 23, 81, 83, 110, 112, 117, 128, 133, 135, 144","BLAT mapped thils locus to the location NW_020128909.1:328947-329091 while BWA mapped it to NW_020128909.1:328964-329104.  Since these alignment locations overlap, BLAT locations were used for plots to give a general sense of their location while the true location of where this locus maps is uncertain"
tag_id_32,NC_037097.1:35827290-35827430,,CGA CAG GTT CAG AGT TCT ACA GTC CGA CGA TCA CCT GCA AGT CAT ATT ATG CGG,GTG ACT GGA GTT CAG ACG TGT GCT CTT CCG ATC TAA GTC TCC TCA CAC TGT CCC,ACCTGCAAGTCATATTATGCGGACATGTGATTTCAATTGGAATCTAGCCAGAGTTAGGATATCCAACAGTTAGAATATTTATTGACCTGCATTTTTATCTTCATAATGACTGCTAGACATAGGGACAGTGTGAGGAGACTT,ACCTGCAAGTCATATTATGCGGACATGTGATTTCAATTGGAATCTAGCCAGAGTTAGGATATCCAACAGTTAGAATATTTATTGACCTGCATTTTTATCTTCATAATGACTGCTAGACATAGGGACAGTGTGAGGAGACTT,"29, 33, 69, 77, 81",
tag_id_3221,NC_037101.1:48046269-48046402,,CGA CAG GTT CAG AGT TCT ACA GTC CGA CGA TCT TAA TTG AGG TCA GCT CTC AG,GTG ACT GGA GTT CAG ACG TGT GCT CTT CCG ATC TCA AGG TGC ACA GAA TTA GGC T,TTAATTGAGGTCAGCTCTCAGCTTCCGACAAGCGGAGGAATGTAGGAGGAAAAAGTCCTTGTCACTTTCCGCCAAAAAAGTGCATCCATCCGCCGATCTGTCTCCAGGTAGGCAGCCTAATTCTGTGCACCTTG,TTAATTGAGGTCAGCTCTCAGCTTCCGACAAGCGGAGGAATGTAGGAGGAAAAAGTCCTTGTCACTTTCCGCCAAAAAAGTGCATCCATCCGCCGATCTGTCTCCAGGTAGGCAGCCTAATTCTGTGCACCTTG,"27, 72, 93, 96, 112, 132",
tag_id_381,NC_037111.1:37442492-37442630,,CGA CAG GTT CAG AGT TCT ACA GTC CGA CGA TCG CCT GCG ATT TCT ATA GGG C,GTG ACT GGA GTT CAG ACG TGT GCT CTT CCG ATC TAG CAT TTC TTA GCT GAC AAA CA,GCCTGCGATTTCTATAGGGCTATTATTATTGGGAAACATGATGTACTTGTCATGGGTTCCTATTCACACAGTATTCCTGTATTTTTAATGGCGTGTTTATACAGGTAAATTATCTGTTGTTTGTCAGCTAAGAAATGCT,GCCTGCGATTTCTATAGGGCTATTATTATTGGGAAACATGATGTACTTGTCATGGGTTCCTATTCACACAGTATTCCTGTATTTTTAATGGCGTGTTTATACAGGTAAATTATCTGTTGTTTGTCAGCTAAGAAATGCT,"52, 59, 96",
tag_id_384,NW_020128811.1:2716182-2716323,"NC_037101.1:28455934-28456075, NC_037101.1:45559651-45559792",CGA CAG GTT CAG AGT TCT ACA GTC CGA CGA TCC GGC ATA CCA TTT TAT TTG C,GTG ACT GGA GTT CAG ACG TGT GCT CTT CCG ATC TTC TCT AGC TAG CCG GTG TCC,CGGCATACCATTTTATTTGCTTTGTGAAATTGGGGACTTAGCTAAGTATGGCGCAGGAAGGAAGGCATCCTGAAATAGACCAAAGTGGGAGACGAAACCATACAGGAATGGAATGGCTGCTGGGACACCGGCTAGCTAGAGA,CGGCATACCATTTTATTTGCTTTGTGAAATTGGGGACTTAGCTAAGTATGGCGCAGGAAGGAAGGCATCCTGAAATAGACCAAAGTGGGAGACGAAACCATACAGGAATGGAATGGCTGCTGGGACACCGGCTAGCTAGAGA,"33, 65, 84",
tag_id_3920,NC_037101.1:47444268-47444411,,CGA CAG GTT CAG AGT TCT ACA GTC CGA CGA TCT CCT AAT ACA ACT ACA TCA GGG G,GTG ACT GGA GTT CAG ACG TGT GCT CTT CCG ATC TGG CCA AAT AAA ACA ACC TTC TCA,TCCTAATACAACTACATCAGGGGGGGGGGGCTTGCTAATACTGCTCTTCCCATGCAAGGTTTTGTCTATTAATTCAACTTAAGATAATAAATCATTGAACAGAACCATTCTTAGAGGAGTATTGAGAAGGTTGTTTTATTTGGCC,TCCTAATACAACTACATCAGGGGGGGGGGGCTTGCTAATACTGCTCTTCCCATGCAAGGTTTTGTCTATTAATTCAACTTAAGATAATAAATCATTGAACAGAACCATTCTTAGAGGAGTATTGAGAAGGTTGTTTTATTTGGCC,"36, 55, 84, 97, 114, 116, 120, 126",
tag_id_423,NW_020129488.1:21421-21557,,CGA CAG GTT CAG AGT TCT ACA GTC CGA CGA TCG CTG CTG CTC TGG CTA CAC T,GTG ACT GGA GTT CAG ACG TGT GCT CTT CCG ATC TCG AAG GAG CCA AGT TTC GTA,GCTGCTGCTCTGGCTACACTATGTTTTAATTGGGTGGCTTTAGGGCTTGCGGGTGGTTCTGGGGTAGAGGGAGATGAGTTGGATGAATTTGCAGATTTTTTCTTTTCTTCCCTCCCTTACGAAACTTGGCTCCTTCG,GCTGCTGCTCTGGCTACACTATGTTTTAATTGGGTGGCTTTAGGGCTTGCGGGTGGTTCTGGGGTAGAGGGAGATGAGTTGGATGAATTTGCAGATTTTTTCTTTTCTTCCCTCCCTTACGAAACTTGGCTCCTTCG,"29, 102",
tag_id_425,NC_037105.1:35815178-35815317,,CGA CAG GTT CAG AGT TCT ACA GTC CGA CGA TCA GAG GCT CTT CTT CCC AAG C,GTG ACT GGA GTT CAG ACG TGT GCT CTT CCG ATC TGC CAT TTA TCT TTG ATT GGT CCA,AGAGGCTCTTCTTCCCAAGCCTGGATGTCAATACAGTGGAGCTGCTGCCCATAGAGAGCGAGAGAGAGCTCTGCCAGGCTCCGGTAATGGGCTCTCTGAAAAATCATCAAGGTTGATTGGACCAATCAAAGATAAATGGC,AGAGGCTCTTCTTCCCAAGCCTGGATGTCAATACAGTGGAGCTGCTGCCCATAGAGAGCGAGAGAGAGCTCTGCCAGGCTCCGGTAATGGGCTCTCTGAAAAATCATCAAGGTTGATTGGACCAATCAAAGATAAATGGC,"50, 54, 83",
tag_id_427,NC_037130.1:2335116-2335258,,CGA CAG GTT CAG AGT TCT ACA GTC CGA CGA TCT TTC CCA GCC AAC CTG AGT A,GTG ACT GGA GTT CAG ACG TGT GCT CTT CCG ATC TGC GAC TGA TGG ACC TTG GTA,TTTCCCAGCCAACCTGAGTACAATCATGGCCATATCAACTCGTCTCTGTGGTCTAAATCTTACTAGGGTTGTGTCCCAAATGGCACCTCATTCCCTATATAGTGCACTACTCACAAGGTTAACTACCAAGGTCCATCAGTCGC,TTTCCCAGCCAACCTGAGTACAATCATGGCCATATCAACTCGTCTCTGTGGTCTAAATCTTACTAGGGTTGTGTCCCAAATGGCACCTCATTCCCTATATAGTGCACTACTCACAAGGTTAACTACCAAGGTCCATCAGTCGC,"46, 101",
tag_id_430,NC_037111.1:29987928-29988073,,CGA CAG GTT CAG AGT TCT ACA GTC CGA CGA TCA CCA CTC CCG TAT ATA GTA GCT,GTG ACT GGA GTT CAG ACG TGT GCT CTT CCG ATC TAA ACA CAC GCC AGC AAC G,ACCACTCCCGTATATAGTAGCTTACATAACCTTTTTACATAACCATTTTTTTCTGAACACTGTCCTTTCTACTCGGCGTTGCTTACTGTGTTTGCTGTTACAGTATGGCCACCCGGAGTGGATTGGCCCGTTGCTGGCGTGTGTTT,ACCACTCCCGTATATAGTAGCTTACATAACCTTTTTACATAACCATTTTTTTCTGAACACTGTCCTTTCTACTCGGCGTTGCTTACTGTGTTTGCTGTTACAGTATGGCCACCCGGAGTGGATTGGCCCGTTGCTGGCGTGTGTTT,"30, 78, 111",
tag_id_481,NC_037125.1:12280797-12280939,NW_020128817.1:1366091-1366233,CGA CAG GTT CAG AGT TCT ACA GTC CGA CGA TCT CAA CAA TGA CAA GCC ACT GG,GTG ACT GGA GTT CAG ACG TGT GCT CTT CCG ATC TAG CTT CAC TCC AGG CTT CAG,TCAACAATGACAAGCCACTGGGTTCTGACAATCTGGATGGAAAATTACTGAGGATAATAGCGGACAATATTGCCACTCCTATTTGCCACATCTTTAATCTAAGCCTACTAGAAAGTGTGTGCCCTGAAGCCTGGAGTGAAGCT,TCAACAATGACAAGCCACTGGGTTCTGACAATCTGGATGGAAAATTACTGAGGATAATAGCGGACAATATTGCCACTCCTATTTGCCACATCTTTAATCTAAGCCTACTAGAAAGTGTGTGCCCTGAAGCCTGGAGTGAAGCT,"23, 40, 58, 89, 111",
tag_id_4969,NC_037122.1:8989443-8989583,,CGA CAG GTT CAG AGT TCT ACA GTC CGA CGA TCT ATT TGT TTT GTG GCA CCG C,GTG ACT GGA GTT CAG ACG TGT GCT CTT CCG ATC TTA TTG GTC AGG GGA TGC ACA,TATTTGTTTTGTGGCACCGCAACTTCTAGCCCTCACCCTTCCTCACCTCTCTCCCTCCACATGTGAGAGATGGATAGATTGTGGCCTTAGCCAATCACGTAGTAGCCATAAACCTCACCCATGTGCATCCCCTGACCAATA,TATTTGTTTTGTGGCACCGCAACTTCTAGCCCTCACCCTTCCTCACCTCTCTCCCTCCACATGTGAGAGATGGATAGATTGTGGCCTTAGCCAATCACGTAGTAGCCATAAACCTCACCCATGTGCATCCCCTGACCAATA,"29, 35, 69, 98, 103, 110, 114",
tag_id_542,NW_020142580.1:378025-378149,,CGA CAG GTT CAG AGT TCT ACA GTC CGA CGA TCG CTG TCT TCA TCA TGG CTC A,GTG ACT GGA GTT CAG ACG TGT GCT CTT CCG ATC TAT GTC CCT CTG CAA CCA AAC,GCTGTCTTCATCATGGCTCACAACAAGATGGCTGTTCTTTCTTTGTGTGTCTCCCTCTGTACTCTCTGAAAAGCAGGGAAAGAATTAGTATTTCTTATGTATGGAGTTTGGTTGCAGAGGGACAT,GCTGTCTTCATCATGGCTCACAACAAGATGGCTGTTCTTTCTTTGTGTGTCTCCCTCTGTACTCTCTGAAAAGCAGGGAAAGAATTAGTATTTCTTATGTATGGAGTTTGGTTGCAGAGGGACAT,"32, 33, 50",
tag_id_5617,NC_037104.1:49663205-49663304,,CGA CAG GTT CAG AGT TCT ACA GTC CGA CGA TCC TGC AGC TCG TTA CAT AGG C,GTG ACT GGA GTT CAG ACG TGT GCT CTT CCG ATC TAC ACG GAC TCA ATC TCC CTA C,CTGCAGCTCGTTACATAGGCCAATTGTAAGTTCGGAGTCCTCGGTTTGCGGCACGAGCTCCCTGGTTTAAGAGGATGAGGTAGGGAGATTGAGTCCGTGT,CTGCAGCTCGTTACATAGGCCAATTGTAAGTTCGGAGTCCTCGGTTTGCGGCACGAGCTCCCTGGTTTAAGAGGATGAGGTAGGGAGATTGAGTCCGTGT,"34, 36, 56",
tag_id_5720,NC_037106.1:24144598-24144739,,CGA CAG GTT CAG AGT TCT ACA GTC CGA CGA TCG TTG ATT TGA TGT GCA TTT GAC A,GTG ACT GGA GTT CAG ACG TGT GCT CTT CCG ATC TCC AGT TAG TCC TCT CAC CCA,GTTGATTTGATGTGCATTTGACATTTACTGTACTTTTTGACAACAAAATCTGAAAATACTCTGTTTACATTCTGTAACATGATAAGAATATGGGTGCAGCATAAGATAAAATGACAAGGGTTTGGGTGAGAGGACTAACTGG,GTTGATTTGATGTGCATTTGACATTTACTGTACTTTTTGACAACAAAATCTGAAAATACTCTGTTTACATTCTGTAACATGATAAGAATATGGGTGCAGCATAAGATAAAATGACAAGGGTTTGGGTGAGAGGACTAACTGG,"33, 41, 107, 120",
tag_id_600,NC_037114.1:15093209-15093337,,CGA CAG GTT CAG AGT TCT ACA GTC CGA CGA TCG ACG TTG ATC TGA CGT CTG TG,GTG ACT GGA GTT CAG ACG TGT GCT CTT CCG ATC TGG TCA TTT TTA GGC AAA AAC AAA,GACGTTGATCTGACGTCTGTGCCCAGTGGGGAAGATCTTCAGAAAATAGATTGTTTTAATTGTGTGGCTTTGTGCATCATAGTTTGGTCAAGAAAGAGGATAGATATTTGTTTTTGCCTAAAAATGACC,GACGTTGATCTGACGTCTGTGCCCAGTGGGGAAGATCTTCAGAAAATAGATTGTTTTAATTGTGTGGCTTTGTGCATCATAGTTTGGTCAAGAAAGAGGATAGATATTTGTTTTTGCCTAAAAATGACC,"49, 64, 92",
tag_id_603,NW_020130866.1:42473-42588,,CGA CAG GTT CAG AGT TCT ACA GTC CGA CGA TCA AAC CTG CTT TGT TTG GAG AA,GTG ACT GGA GTT CAG ACG TGT GCT CTT CCG ATC TGG AGC AAA CAT GAC AAG AAG TG,AAACCTGCTTTGTTTGGAGAATAATTCATGTTTTAGTGAAAATAATTACCCTTTTAGACATAACAACGAATCGCAACACATGTATCCATAAATCCACTTCTTGTCATGTTTGCTCC,AAACCTGCTTTGTTTGGAGAATAATTCATGTTTTAGTGAAAATAATTACCCTTTTAGACATAACAACGAATCGCAACACATGTATCCATAAATCCACTTCTTGTCATGTTTGCTCC,"90, 94, 98, 101",
tag_id_650,NW_020128803.1:401436-401560,,CGA CAG GTT CAG AGT TCT ACA GTC CGA CGA TCA CGA AAA GCC AAC AGA GGT G,GTG ACT GGA GTT CAG ACG TGT GCT CTT CCG ATC TTG GAT GAG GGC AAA GAG GAA,ACGAAAAGCCAACAGAGGTGAGTCTGTTCTCTACAGTCCTTCCATATTTCGGGGTCAGACACTTTATTTTTTGCTTCTCCTCCCTTTATCATTCTTTAAATTGTTTTCCTCTTTGCCCTCATCCA,ACGAAAAGCCAACAGAGGTGAGTCTGTTCTCTACAGTCCTTCCATATTTCGGGGTCAGACACTTTATTTTTTGCTTCTCCTCCCTTTATCATTCTTTAAATTGTTTTCCTCTTTGCCCTCATCCA,"51, 54, 70, 77, 80, 103",
tag_id_664,NC_037101.1:25628947-25629073,NC_037126.1:32234813-32234939,CGA CAG GTT CAG AGT TCT ACA GTC CGA CGA TCT GTT ATT TTG TCT AAT TAG GCC G,GTG ACT GGA GTT CAG ACG TGT GCT CTT CCG ATC TAG CCT ATC AAA GAA CGG TCA,TGTTATTTTGTCTAATTAGGCCGAATTTATGATGCAGCTTGTCAGACTGTGTAATGATTACAGCAGCCATTCATTCACTGATTCCATCCATTGATATGATTATTCATTGACCGTTCTTTGATAGGCT,TGTTATTTTGTCTAATTAGGCCGAATTTATGATGCAGCTTGTCAGACTGTGTAATGATTACAGCAGCCATTCATTCACTGATTCCATCCATTGATATGATTATTCATTGACCGTTCTTTGATAGGCT,"27, 43, 86",
tag_id_669,NC_037130.1:2159671-2159812,,CGA CAG GTT CAG AGT TCT ACA GTC CGA CGA TCA TGT GTG CTA TCT CTA CGG G,GTG ACT GGA GTT CAG ACG TGT GCT CTT CCG ATC TAG TGT GTG TCT CTC CGA TGG,ATGTGTGCTATCTCTACGGGGCCTGTCCATCTTCATGAATACAGTCATCGTGTTTGAGACCCACTCATGGACCGACCCCGAGGCATGGACATCATTACCTGTCGAGTGGACACTCTTCAACTCCATCGGAGAGACACACACT,ATGTGTGCTATCTCTACGGGGCCTGTCCATCTTCATGAATACAGTCATCGTGTTTGAGACCCACTCATGGACCGACCCCGAGGCATGGACATCATTACCTGTCGAGTGGACACTCTTCAACTCCATCGGAGAGACACACACT,"21, 65, 131",
tag_id_684,NC_037106.1:38191623-38191756,,CGA CAG GTT CAG AGT TCT ACA GTC CGA CGA TCA AGC CCT TTT TAC TCC CAA A,GTG ACT GGA GTT CAG ACG TGT GCT CTT CCG ATC TGG CAC ACA CTA GAC CCC ATA A,AAGCCCTTTTTACTCCCAAACTTATTTAAGCTTAAACTTATTGACTAAAGACATTACAGCTTTTATTTTTGTATTAATTAGTAAAAATGACAAAATATAAATTCACGTTGGCGTTATGGGGTCTAGTGTGTGCC,AAGCCCTTTTTACTCCCAAACTTATTTAAGCTTAAACTTATTGACTAAAGACATTACAGCTTTTATTTTTGTATTAATTAGTAAAAATGACAAAATATAAATTCACGTTGGCGTTATGGGGTCTAGTGTGTGCC,"29, 88",
tag_id_695,NC_037098.1:39293225-39293366,,CGA CAG GTT CAG AGT TCT ACA GTC CGA CGA TCG GTG CTT TCT TCG GGA CAG,GTG ACT GGA GTT CAG ACG TGT GCT CTT CCG ATC TCG TAC AGC CAA AAA GTT ACT TGC,GGTGCTTTCTTCGGGACAGAAACGTTATTGATATTGTTCTTGTACATACTGTATATTTTATTTTGACATACTGTATATATTTTTTTTGTTGACACTATCTATTTCTGATATTGCTACTATGCAAGTAACTTTTTGGCTGTACG,GGTGCTTTCTTCGGGACAGAAACGTTATTGATATTGTTCTTGTACATACTGTATATTTTATTTTGACATACTGTATATATTTTTTTTGTTGACACTATCTATTTCTGATATTGCTACTATGCAAGTAACTTTTTGGCTGTACG,"43, 81, 83, 109, 125, 132",
tag_id_70,NC_037122.1:21491698-21491817,,CGA CAG GTT CAG AGT TCT ACA GTC CGA CGA TCA GAT AAT GTC ACT GAA GGG GC,GTG ACT GGA GTT CAG ACG TGT GCT CTT CCG ATC TTG GGA CAG TGT TCT TTC TTA AA,AGATAATGTCACTGAAGGGGCACAGAGTGTACACAACAAATTCCAGAGCTCAGTAGGATGGTGGGTTGTGATAGCATTAGGCCTAAATGTTCTGGCTATTTAAGAAAGAACACTGTCCCA,AGATAATGTCACTGAAGGGGCACAGAGTGTACACAACAAATTCCAGAGCTCAGTAGGATGGTGGGTTGTGATAGCATTAGGCCTAAATGTTCTGGCTATTTAAGAAAGAACACTGTCCCA,"26, 37, 58, 111",
tag_id_716,NC_037122.1:32778904-32779007,,CGA CAG GTT CAG AGT TCT ACA GTC CGA CGA TCT GAC AAC CTG TTT CTT AGC ACA,GTG ACT GGA GTT CAG ACG TGT GCT CTT CCG ATC TCC ACA TTT CAC ACA GCT CCC,TGACAACCTGTTTCTTAGCACATTTGTCCATGAGCTATCATGAGCTTTATCATTTTCTATTTTTCTTGTTGTATAGGGCAGTATGGGAGCTGTGTGAAATGTGG,TGACAACCTGTTTCTTAGCACATTTGTCCATGAGCTATCATGAGCTTTATCATTTTCTATTTTTCTTGTTGTATAGGGCAGTATGGGAGCTGTGTGAAATGTGG,"26, 57, 71",
tag_id_744,NC_037102.1:25722990-25723124,,CGA CAG GTT CAG AGT TCT ACA GTC CGA CGA TCA CAC TTC CCA TCC CTC TCA C,GTG ACT GGA GTT CAG ACG TGT GCT CTT CCG ATC TCC CAG ACA GCT CAG GAG TAG,ACACTTCCCATCCCTCTCACTACTGAATGTCAGTTAGAGGGGCATGTTTTTCTGCCTGCACACCGTGGAGGAAACATCTTAAAGCAGTAGGAGGAAAGGTGTTACCAGCAGAGTTCTACTCCTGAGCTGTCTGGG,ACACTTCCCATCCCTCTCACTACTGAATGTCAGTTAGAGGGGCATGTTTTTCTGCCTGCACACCGTGGAGGAAACATCTTAAAGCAGTAGGAGGAAAGGTGTTACCAGCAGAGTTCTACTCCTGAGCTGTCTGGG,"64, 101, 105",
tag_id_757,NC_037104.1:15812645-15812756,,CGA CAG GTT CAG AGT TCT ACA GTC CGA CGA TCT CAA TAG TCA TCC GAC TTT AGC C,GTG ACT GGA GTT CAG ACG TGT GCT CTT CCG ATC TGT TTT GGC TGC CAG AGA CAG,TCAATAGTCATCCGACTTTAGCCTAAGGTGTGCTCTTAAGGAGCGTTACTTCTCAAGGTGAAATGACTTAATATGTAATTTTCAGAGATAGCCTGTCTCTGGCAGCCAAAAC,TCAATAGTCATCCGACTTTAGCCTAAGGTGTGCTCTTAAGGAGCGTTACTTCTCAAGGTGAAATGACTTAATATGTAATTTTCAGAGATAGCCTGTCTCTGGCAGCCAAAAC,"55, 70",
tag_id_773,NC_037105.1:36426973-36427110,,CGA CAG GTT CAG AGT TCT ACA GTC CGA CGA TCT ATG ACC GAT TGT TCC GTG C,GTG ACT GGA GTT CAG ACG TGT GCT CTT CCG ATC TTA CGA ATA GCA GGC GAG GAG,TATGACCGATTGTTCCGTGCTCTGGATGCACTTCGCCAGAAAGTTCTGCCACTACTACGTGCTGCAATCAAGGATTCCACCATATCCAAAGAATGGAAGGTGAACTGCCGGCCCTGTCCTCCTCGCCTGCTATTCGTA,TATGACCGATTGTTCCGTGCTCTGGATGCACTTCGCCAGAAAGTTCTGCCACTACTACGTGCTGCAATCAAGGATTCCACCATATCCAAAGAATGGAAGGTGAACTGCCGGCCCTGTCCTCCTCGCCTGCTATTCGTA,"36, 80, 87",
tag_id_787,NC_037120.1:2334326-2334429,,CGA CAG GTT CAG AGT TCT ACA GTC CGA CGA TCG GGG CTC CAT TCT TCA CTG T,GTG ACT GGA GTT CAG ACG TGT GCT CTT CCG ATC TGT GCC ACC ATG ATG TCT ATA T,GGGGCTCCATTCTTCACTGTTTTCCTGAGATGGTGTAATGATAGAGATGGTGTAATGATAGAGAGACTAAAACGGAAGCTACATATAGAACAACAGGAGAATATAGACATCATGGTGGCAC,GGGGCTCCATTCTTCACTGTTTTCCTGAGATGGTGTAATGATAGAGATGGTGTAATGATAGAGAGACTAAAACGGAAGCTACATATAGAACAACAGGAGAATATAGACATCATGGTGGCAC,"48, 73, 87, 106, 110, 119",
tag_id_819,NC_037103.1:52966774-52966910,,CGA CAG GTT CAG AGT TCT ACA GTC CGA CGA TCC TTG GGT TGA TTC TGG GCA G,GTG ACT GGA GTT CAG ACG TGT GCT CTT CCG ATC TCT TTT AGA GAC GCT GCG CAG,CTTGGGTTGATTCTGGGCAGTCATTCATTTTGATTCCCGGGCCGAGTCCAACACCCGATTCCAGGTCGATTCAATCAATTCTGCCCCCCCAGAAGAGGGCCGCTTCCTCATTGCTAGCTGCGCAGCGTCTCTAAAAG,CTTGGGTTGATTCTGGGCAGTCATTCATTTTGATTCCCGGGCCGAGTCCAACACCCGATTCCAGGTCGATTCAATCAATTCTGCCCCCCCAGAAGAGGGCCGCTTCCTCATTGCTAGCTGCGCAGCGTCTCTAAAAG,"26, 78, 90, 117",
tag_id_826,NC_037108.1:62519472-62519610,,CGA CAG GTT CAG AGT TCT ACA GTC CGA CGA TCT CTG CTA GCG GGT AGA TTC A,GTG ACT GGA GTT CAG ACG TGT GCT CTT CCG ATC TGG GTT CTC CTG CTC TAC CTG,TCTGCTAGCGGGTAGATTCAAAATTAAATGTTGATTACTTTAAGATTTTTTAAAATGTGGTTTTATTCTAAAGTTATACTTCTCCCATCAATTCTGATATGAGAGTTGTGTTTCTACTTCAGGTAGAGCAGGAGAACCC,TCTGCTAGCGGGTAGATTCAAAATTAAATGTTGATTACTTTAAGATTTTTTAAAATGTGGTTTTATTCTAAAGTTATACTTCTCCCATCAATTCTGATATGAGAGTTGTGTTTCTACTTCAGGTAGAGCAGGAGAACCC,"35, 52, 86, 134",
tag_id_871,NC_037103.1:35186356-35186500,,CGA CAG GTT CAG AGT TCT ACA GTC CGA CGA TCC AGC TAC TCT TCC TGG GGT C,GTG ACT GGA GTT CAG ACG TGT GCT CTT CCG ATC TAC TTC AGT ATT CCA TCT GAC AAA,CAGCTACTCTTCCTGGGGTCCTGCAACACTAAGGCAGCTATATACAGTCATGGCCAAAAGTTTTGAGAATGACACAAATATAAATTTTCACAAAGTTTGCTTCTTCAGTGTCTTTAGATATTTTTGTCAGATGGAATACTGAAGT,CAGCTACTCTTCCTGGGGTCCTGCAACACTAAGGCAGCTATATACAGTCATGGCCAAAAGTTTTGAGAATGACACAAATATAAATTTTCACAAAGTTTGCTTCTTCAGTGTCTTTAGATATTTTTGTCAGATGGAATACTGAAGT,"30, 50, 59, 74, 76, 83, 98, 118, 127",
tag_id_945,NC_037107.1:38970762-38970900,,CGA CAG GTT CAG AGT TCT ACA GTC CGA CGA TCG CGT GCA ATA TGG TTC AGT G,GTG ACT GGA GTT CAG ACG TGT GCT CTT CCG ATC TTT TGA TGT ATT GTA CAT TGC TCT CTG,GCGTGCAATATGGTTCAGTGTGCCAATAAATCCGTTTTTCAAATTGCCCGGCGTCTTGAAGCAAAAACGTTGATCATGTATATACTCTGCTCATGACCATAGACGAAAATAGTAACAGAGAGCAATGTACAATACATCAAA,GCGTGCAATATGGTTCAGTGTGCCAATAAATCCGTTTTTCAAATTGCCCGGCGTCTTGAAGCAAAAACGTTGATCATGTATATACTCTGCTCATGACCATAGACGAAAATAGTAACAGAGAGCAATGTACAATACATCAAA,"33, 34, 102, 118, 120",
tag_id_999,NC_037106.1:40032756-40032889,,CGA CAG GTT CAG AGT TCT ACA GTC CGA CGA TCC AGT GTG GCT GTC CGA TAG A,GTG ACT GGA GTT CAG ACG TGT GCT CTT CCG ATC TGC ATC CTG CAA GAT TGA CTG,CAGTGTGGCTGTCCGATAGAAACACAATAATCTATTGATAAACAAAATATTGAACAACAATTATCCTTTGAATAGAAGTGTGGGCTGAAGAATACTTTTAAATTTTTCCAATATACAGTCAATCTTGCAGGATGC,CAGTGTGGCTGTCCGATAGAAACACAATAATCTATTGATAAACAAAATATTGAACAACAATTATCCTTTGAATAGAAGTGTGGGCTGAAGAATACTTTTAAATTTTTCCAATATACAGTCAATCTTGCAGGATGC,"90, 98, 112",
NC_037124.1:12267397-12267697,NC_037124.1:12267507-12267643,,CGA CAG GTT CAG AGT TCT ACA GTC CGA CGA TCG TGC AGG AAT ATA GAC TAC ACA,GTG ACT GGA GTT CAG ACG TGT GCT CTT CCG ATC TAA TGG TCT GGA TTG GGA TGC,CTCTATGCCTAGCAATATTACATGTTGACTATGCCAAGCGACGTATAAATGGCTTGGCTATCAAACAACTAGTCCAAAACGAAATCCTGTATCTGCAATGTAAAAGAAATGTGCAGGAATATAGACTACACATGATATCTATAGTACATGCAGCATTTGCAGACAAATCACATTTAAATATAACTAACCAATTTGTATCTATTTTttgcatgtaaaaaaaacaagttgCATCCCAATCCAGACCATTTGATTGACAGGTGAATTGCCACTGGACAAAATACCCCTCGCCTAAGGTAACCAT,GTGCAGGAATATAGACTACACATGATATCTATAGTACATGCAGCATTTGCAGACAAATCACATTTAAATATAACTAACCAATTTGTATCTATTTTttgcatgtaaaaaaaacaagttgCATCCCAATCCAGACCATT,"110, 142, 151, 213, 214",
NC_037124.1:12270118-12270418,NC_037124.1:12270166-12270296,,CGA CAG GTT CAG AGT TCT ACA GTC CGA CGA TCA CAG GGG TTA TGT GAT ACG GT,GTG ACT GGA GTT CAG ACG TGT GCT CTT CCG ATC TCA GTT TGT GTG TGA GTG TGC,GAGCAGATTGCACAAAACCATGACATATGTAGTGACCGTTGGCGCTGAACAGGGGTTATGTGATACGGTAGCCTCTGGGTATTTTTGTAAAACACACTAGTGTTAGGGTTTgtaatcatacacacacacacacacacacacgtgtatgcatatgtgtgcgcacactcacacacaaactgtATATGGgcgctcacacatacacactagaggtcgatcgataatgatttttcaacaccgataccgattattggtggACCAAAAAATGCCaatgccgattaatcggacaattttggggggtttg,ACAGGGGTTATGTGATACGGTAGCCTCTGGGTATTTTTGTAAAACACACTAGTGTTAGGGTTTgtaatcatacacacacacacacacacacacgtgtatgcatatgtgtgcgcacactcacacacaaactg,"119, 121, 151, 180",
NC_037124.1:12272852-12273152,NC_037124.1:12272935-12273053,,CGA CAG GTT CAG AGT TCT ACA GTC CGA CGA TCC CAG GTC AGA CAG TGC TAG A,GTG ACT GGA GTT CAG ACG TGT GCT CTT CCG ATC TGG CCC TTA AAG CGT GTA TCT AG,CTAATCAAACTACAGAGCTACATGGTCAATGGGAGGGACAAGGGGATAAGGGGATAAGGGAGGTCATGCAAATTCCATACCATCCAGGTCAGACAGTGCTAGAACTTTAACCGGAACGCTGCATGAGTTTAGGGAACATTCTCTTTAGTACAGACTGAACATCCAAATCTTCCTTCACTTCTAGATACACGCTTTAAGGGCCCTCTAGGCAGCTAACTCTGCATCCACAGTAATATAACCCATTCTAGGAGACATTCTTATAACACTGGCCTAGACTACAAATCACTCTTAACATAACCCT,CCAGGTCAGACAGTGCTAGAACTTTAACCGGAACGCTGCATGAGTTTAGGGAACATTCTCTTTAGTACAGACTGAACATCCAAATCTTCCTTCACTTCTAGATACACGCTTTAAGGGCC,"83, 151, 203",
NC_037124.1:12277401-12277701_Tasha-SNP-1,NC_037124.1:12277503-12277637,,CGA CAG GTT CAG AGT TCT ACA GTC CGA CGA TCC GGT TCG TGT CCA TTG CAT T,GTG ACT GGA GTT CAG ACG TGT GCT CTT CCG ATC TCC TCT TAG GGC ACA AGT CAT C,TGTGTGAGACCGCTATAAACCGGGGCATTAGCCAATCAGGGCTCCATTACTCCACACCACTCATTCATCATACACACATCGCGCATTCTATGCTGAACGTGGCGGTTCGTGTCCATTGCATTATTATACGACACagcgtctgtctctctgtatggaCTCTATAGGCTCCCGGGGGTAGTCCATTTGAAACAGTTGGAgtaaagaatgaaagaaagagatgaCTTGTGCCCTAAGAGGAGACGAGCATTACAGttagtaaacattacagtttccAGTCTGAGGTAAATCAACATATGACCAC,CGGTTCGTGTCCATTGCATTATTATACGACACagcgtctgtctctctgtatggaCTCTATAGGCTCCCGGGGGTAGTCCATTTGAAACAGTTGGAgtaaagaatgaaagaaagagatgaCTTGTGCCCTAAGAGG,"102, 146, 151, 238",
NC_037124.1:12279142-12279478,NC_037124.1:12279256-12279368,,CGA CAG GTT CAG AGT TCT ACA GTC CGA CGA TCT TCA AAA TTA GGA GGT TAG GGG,GTG ACT GGA GTT CAG ACG TGT GCT CTT CCG ATC TGA GTC CCT CAC AAC CAC AGG,GGGGAAGGGCTGAtgggggggctggggggaggCGGACAAAAGGAGCATTTGGGCAGATGAAGAAGTCATCATCATTAAGCCACTGGAAGTTTACTGTCCAGTTATAAAAGTCATTTCAAAATTAGGAGGTTAGGGGGTGCGTGTGAAAGGAGAGAAGGGCTCAGAGTGCCTGAGAAGGCCTGGGGGCGGGGCAGATGAGAGCTGTGGCCTGTGGTTGTGAGGGACTCTGTGGGACTGGGGGGCCAATTCATTAGGGGCACAGCCCAgcctttgtgtttgcaccaggtTGATTGGAGTGCTGACCTTGCCTTGCCTCCCAGCCTTCCCTGCACACTCT,TTCAAAATTAGGAGGTTAGGGGGTGCGTGTGAAAGGAGAGAAGGGCTCAGAGTGCCTGAGAAGGCCTGGGGGCGGGGCAGATGAGAGCTGTGGCCTGTGGTTGTGAGGGACTC,"114, 151, 187, 228",
NC_037124.1:12281207-12281551,NC_037124.1:12281312-12281454,,CGA CAG GTT CAG AGT TCT ACA GTC CGA CGA TCC TTG AAT CAC ATG GCT GCT G,GTG ACT GGA GTT CAG ACG TGT GCT CTT CCG ATC TCC TCC AGG CCT CAA ATT AAA,tgttcctaggccgtcattgaaaataagaatttgtttttaactgacttgcctagttaaataaaggttaaaaaaataaaataatttacctccCTGCCCCAGACAATTCTTGAATCACATGGCTGCTGCATTTCATAatgaaaaacaaggccaaatcaggaagttcagCCCTCTTTAAATGTGGAAAACAAAATACAGAGAACATTTTCACTTAGTGTTGttctttttaaatttaatttgagGCCTGGAGGACAAACTCAATCAATGTGCGGAATTACTGATAATTGACCATGCTCGCTGAGAAGGCCGAATAAAATTGAAGCCCTGATTGAACCCGCTCTGCATTTT,CTTGAATCACATGGCTGCTGCATTTCATAatgaaaaacaaggccaaatcaggaagttcagCCCTCTTTAAATGTGGAAAACAAAATACAGAGAACATTTTCACTTAGTGTTGttctttttaaatttaatttgagGCCTGGAGG,"13, 15, 36, 105, 151, 157, 170, 185, 186, 195, 249",
NC_037124.1:12310649-12310949_Tasha-SNP-2,NC_037124.1:12310733-12310874,,CGA CAG GTT CAG AGT TCT ACA GTC CGA CGA TCC CAC ATC TTC TGG TCA CTC TC,GTG ACT GGA GTT CAG ACG TGT GCT CTT CCG ATC TGG ATG AAG ACC AGT CAA AAC GT,AAACATGGAGGACAGTACTGTAGATTAGGATCTGGTCTGGACAGACAAGTTTGTAAAGGTGTAATTTCAGTAATGGCTTCCACACCACATCTTCTGGTCACTCTCATCTGATATGACTCATCTCATTATCTACCTTAACGTGCAAGTAAAAGATGAGTCAGCAAAATGCAATCTATAGTCCCAAGTAGGGATAGTACTATATAAACGTTTTGACTGGTCTTCATCCAATATCACCCTTAACTGTTGTGGGCATATATCACCTGTGATACTCAACCTTTGAATCCGGTTTTGTTCAAAGATG,CCACATCTTCTGGTCACTCTCATCTGATATGACTCATCTCATTATCTACCTTAACGTGCAAGTAAAAGATGAGTCAGCAAAATGCAATCTATAGTCCCAAGTAGGGATAGTACTATATAAACGTTTTGACTGGTCTTCATCC,"84, 151, 227",
winter-greb1l-diagnostic_09_12269030_151,NC_037124.1:12268948-12269082,,CGA CAG GTT CAG AGT TCT ACA GTC CGA CGA TCA GGA ATT GGT GGT CAG GAG T,GTG ACT GGA GTT CAG ACG TGT GCT CTT CCG ATC TTC TCA GTC ACT TCA CTT CTC CA,CCATCACAACAAAGCCACACCGGGACAAAGGTGGCCTAATGGATGTGGCTggagcaggagagagatagaggaattGGTGGTCAGGAGTTATTTCAGGCATGATTTCATTTGACGTAATTCTGTCTGATGAATGATGAAATAGTGTCTGATCTGTGTTTTCAGGTAGTGACAGAATCATGTTTGGAGAAGTGAAGTGACTGAGATCTCGATTTTCTCAGAGGCAACTGGAAGCTGACCAGAAAACCGGTCTCAGATTCTTCCACAGATTCCTGAGCCTGGGTGGCCATAATGGCCATATTGC,aggaattGGTGGTCAGGAGTTATTTCAGGCATGATTTCATTTGACGTAATTCTGTCTGATGAATGATGAAATAGTGTCTGATCTGTGTTTTCAGGTAGTGACAGAATCATGTTTGGAGAAGTGAAGTGACTGAGA,"68, 151, 204",
winter-greb1l-diagnostic_10_12269914_151,NC_037124.1:12269883-12270013,,CGA CAG GTT CAG AGT TCT ACA GTC CGA CGA TCC AAG GAG AAG AGT TTG CTG CA,GTG ACT GGA GTT CAG ACG TGT GCT CTT CCG ATC TGC ATT TGT GCG TCT TTC AAC C,GTTTATAGTTGGCTAATTGTCTGAAACTGATTAGCACTAAGGAAGACGATGATGCCACACTGGTGTATTTAAAGGCGGGAACGTCGAAACAGGCTTTGATACCGTTGATATACTGTATGCAAGGAGAAGAGTTTGCTGCAAATAACACACGATAGGCCTGCAGCACCTTTCATCTCAAGATATCAAATCAAAcccaatatttaaaaaatcctatTGAAAGGAAACTCAAGGTTGAAAGACGCACAAATGCTTTTTAAATAGTCAGTACAACTATTCCACACAACATGTCTGACCATGAAAA,CAAGGAGAAGAGTTTGCTGCAAATAACACACGATAGGCCTGCAGCACCTTTCATCTCAAGATATCAAATCAAAcccaatatttaaaaaatcctatTGAAAGGAAACTCAAGGTTGAAAGACGCACAAATGC,"119, 151, 251",
winter-greb1l-diagnostic_13_12275053_151,NC_037124.1:12275032-12275173,,CGA CAG GTT CAG AGT TCT ACA GTC CGA CGA TCA CGC TCC AAA ACC AAA CAC T,GTG ACT GGA GTT CAG ACG TGT GCT CTT CCG ATC TAT CAG CCC TAC GTC TCC TTG,CTGAGCCATCAACATCATGTTGGTGGAAATCCAGCAAAGTGCCAGAGTAAACAATGTAAAATGCTTCCATACCTTCCAAGGGTTCTCCACCAGCCAGACAGCACTTCgataacacaaacaacaacataaacgCTCCAAAACCAAACACTAAATTCCAccatgcaaaaataaataaatcacaaagtCACGAATTATAGTCCATTTGGGTGATAGGTATGTCCTAAGGAAGAGGAAAAGAGTGAGGAAATATCCAAGGAGACGTAGGGCTGATTAATTCTCATCTGGTGTGTCCCCAAGCCAT,acgCTCCAAAACCAAACACTAAATTCCAccatgcaaaaataaataaatcacaaagtCACGAATTATAGTCCATTTGGGTGATAGGTATGTCCTAAGGAAGAGGAAAAGAGTGAGGAAATATCCAAGGAGACGTAGGGCTGAT,"129, 151",
sdy_I183,NC_037114.1:10000000-10000200,,CGA CAG GTT CAG AGT TCT ACA GTC CGA CGA TCG ACA AGA CTC ATC ACT CAG TGC ACC AAT,GTG ACT GGA GTT CAG ACG TGT GCT CTT CCG ATC TCC TTC TAG CGT CGG CCC TGT G,CCTTCTAGCGTCGGCCCTGTGTTAATGTGTACAATGCCCCAGAGTAAGAGAATCTGTACCGATATAAAGATTGGTGCACTGAGTGATGAGTCTTGTC,CCTTCTAGCGTCGGCCCTGTGTTAATGTGTACAATGCCCCAGAGTAAGAGAATCTGTACCGATATAAAGATTGGTGCACTGAGTGATGAGTCTTGTC,NA,"Did not map to anywhere in the chinook V1 genome because individual whose genome was assembled was female, so we stuck it on Chromosome 18"
NC_037104.1:56552815-56552925,NC_037104.1:56552815-56552925,,CGA CAG GTT CAG AGT TCT ACA GTC CGA CGA TCT CGG GCA AAA TTT GAA ATC GA,GTG ACT GGA GTT CAG ACG TGT GCT CTT CCG ATC TGG TAA CTG AAC TAT AGG GTA GCC,TCGGGCAAAATTTGAAATCGAATTATTTGAATAAGGTTATGTTGTTTCGAGTAAACTTTGAAATAGAGCTGTCTATAACATATCAATAGGCTACCCtatagttcagttacc,TCGGGCAAAATTTGAAATCGAATTATTTGAATAAGGTTATGTTGTTTCGAGTAAACTTTGAAATAGAGCTGTCTATAACATATCAATAGGCTACCCtatagttcagttacc,57,
NC_037104.1:56552952-56553042,NC_037104.1:56552952-56553042,,CGA CAG GTT CAG AGT TCT ACA GTC CGA CGA TCA TGA CAC CAT AAA CGC TGT AG,GTG ACT GGA GTT CAG ACG TGT GCT CTT CCG ATC TTT GCA ATG AAA ATG ACA AGG GC,ATGACACCATAAACGCTGTAGCCTATTGAAATGAAGTAAAGTGTATGACAAACTCCACTGTGAGACTTGCCCttgtcattttcattgcaaa,ATGACACCATAAACGCTGTAGCCTATTGAAATGAAGTAAAGTGTATGACAAACTCCACTGTGAGACTTGCCCttgtcattttcattgcaaa,41,
NC_037099.1:62937268-62937373,NC_037099.1:62937268-62937373,,CGA CAG GTT CAG AGT TCT ACA GTC CGA CGA TCA GTT GAA GTT GCT CGT GAT GT,GTG ACT GGA GTT CAG ACG TGT GCT CTT CCG ATC TAG TGA CAG TGA CGA GCT CTC,AGTTGAAGTTGCTCGTGATGTATTTAGTTAGAGCAGGTCATGCAGAATGACTCGGACTCCTTGTTCCATCAGAAGGGTGATGTAATGAGAGCTCGTCACTGTCACT,AGTTGAAGTTGCTCGTGATGTATTTAGTTAGAGCAGGTCATGCAGAATGACTCGGACTCCTTGTTCCATCAGAAGGGTGATGTAATGAGAGCTCGTCACTGTCACT,62,
NC_037130.1:1062935-1063235,NC_037130.1:1062987-1063119,,CGA CAG GTT CAG AGT TCT ACA GTC CGA CGA TCC GAC GGA TCT TGA TGC TCT G,GTG ACT GGA GTT CAG ACG TGT GCT CTT CCG ATC TGC AAA GTT GAC AAG GTT TCT GG,TGCGTCCCACACGAAGCCAATGGTGACGATCTCTGGGCAGTTCAGGAGAACCCGACGGATCTTGATGCTCTGGCCACAGTTGCTCTGCAAAGAAGATGAGAAACTATCATCCATGAGTGGTAATTATAAGCAGAAATCCATTTATAAATCGATGTATTTTATTCCAGAAACCTTGTCAACTTTGCCATGAAACATGTTGCATCATATTGGAATCATAAACTATAATATATACAGAACTATGGTAGCACTTTATAATAACTCCACATAAATAAAGCATTCATAATGGATTAGTAAATACGTT,CGACGGATCTTGATGCTCTGGCCACAGTTGCTCTGCAAAGAAGATGAGAAACTATCATCCATGAGTGGTAATTATAAGCAGAAATCCATTTATAAATCGATGTATTTTATTCCAGAAACCTTGTCAACTTTGC,"AllSNPsRound1: 118, 151, 186; 8Amplicons22variants: 118, 151",
NC_037130.1:864908-865208,NC_037130.1:865026-865153,,CGA CAG GTT CAG AGT TCT ACA GTC CGA CGA TCT TCC TCC AGA TGT GAC GCT T,GTG ACT GGA GTT CAG ACG TGT GCT CTT CCG ATC TAA AGG CAC ATG ACA ACC AGC,tctttgctccgctcatctgtccctcgatcctgaatagtttcccagtccctgatgttggaaaaacatccccacagcatgatgctgccaccaccatgcttaactcACGGGGTGgtgaggtttcctccagatgtgacgcttggcaatcaggccatATAGTTCagccttggtttcatcagaccagagaatctttattctcatggtctgagagtcttatgGTAAACTCCAAGctggttgtcatgtgccttttattgaggagtagcttccgtctggccactctaacataaaggcctgattggtggag,ttcctccagatgtgacgcttggcaatcaggccatATAGTTCagccttggtttcatcagaccagagaatctttattctcatggtctgagagtcttatgGTAAACTCCAAGctggttgtcatgtgccttt,"AllSNPsRound1: 151, 158, 201; 8Amplicons22variants: 151, 158, 201, 209",
NC_037104.1:55923357-55923657,NC_037104.1:55923451-55923586,,CGA CAG GTT CAG AGT TCT ACA GTC CGA CGA TCC GAA GCA ATT TGT CCT CCA G,GTG ACT GGA GTT CAG ACG TGT GCT CTT CCG ATC TGC CCA GCA CTA CAG GTG ATT,acaaacacacagccacagacaTACACAAGTGTTAGCACTGCACTtacatgtttttgtgttattcATCAATAGAAAATTGTTTGCTGACTTGCTGCGAAGCAATTTGTCCTCCAGGACAAGAAAGACTCCATACACATTATCAATTGTCACATGAAAAGTGGTTGTATGGCAGTTTAATAGTATTTATCTTGGCCTAGATAGATATCTGTTAATCACCTGTAGTGCTGGGCTCTTGATGGTGTCCAGCAGCAGCCTGGCGCGTGTGGCCACAGCCGGGTTGACATCCTCCACAGAGGCCAGG,CGAAGCAATTTGTCCTCCAGGACAAGAAAGACTCCATACACATTATCAATTGTCACATGAAAAGTGGTTGTATGGCAGTTTAATAGTATTTATCTTGGCCTAGATAGATATCTGTTAATCACCTGTAGTGCTGGGC,"AllSNPsRound1: 94, 151, 231; 24Amplicons53Variants: 151",
NC_037108.1:73543706-73544006,NC_037108.1:73543802-73543922,,CGA CAG GTT CAG AGT TCT ACA GTC CGA CGA TCT CAG CCA ATG CTC TAA CCA CT,GTG ACT GGA GTT CAG ACG TGT GCT CTT CCG ATC TTG AAT CAT GAC AGT TCC CTT TTT,ttcctaggctaactgccttgttcaggggcagaatggcagatttttaccttgtcagctcagggatttgatcttgcaaccttgcaACTGTTTGGTTACTcagccaatgctctaaccactagggtacctgccgccaAACATGTTTTGTCTCCGTGCCTAACAATGAAAACACAAAGTGTTTAAAACATAAATAGTGTAAAAAGGGAACTGTCATGATTCAATGGTGTAGAGCTACAGCCAGGGCCACATGGCAGTGATCAGGAGAGAACATCATCATCACAGGCTTCATTACCAATCTGAACCT,TcagccaatgctctaaccactagggtacctgccgccaAACATGTTTTGTCTCCGTGCCTAACAATGAAAACACAAAGTGTTTAAAACATAAATAGTGTAAAAAGGGAACTGTCATGATTCA,"AllSNPsRound1: 96, 130, 133, 151; 24Amplicons53Variants: 130, 133, 151",
NC_037112.1:24542569-24542869,NC_037112.1:24542671-24542768,,CGA CAG GTT CAG AGT TCT ACA GTC CGA CGA TCC CCC TCT CTC TCC CCA TAT C,GTG ACT GGA GTT CAG ACG TGT GCT CTT CCG ATC TAG TGG GAC CGC TAG AAA GTG,acactcCAACACGGCTCCTATCAATCACGCTGGCTGGGACCTCCTGGGATTACTGGACATCCATGATTGGGATGCCttgtctctctgctactctcgctcacccccctctctctccccatatcaATCTCTATCTTTATAtacttctcactctctctccctccctcctctcacactcTACCACACTTTCTAGCGGtcccactctttccctctccctctctctgggggaTAGAGGACCCTGACAAATGAGTCTCCTGCGACTGGCTGTCAATCAATACATCAAACTACAGTTTAGAGCCAGTTC,cccctctctctccccatatcaATCTCTATCTTTATAtacttctcactctctctccctccctcctctcacactcTACCACACTTTCTAGCGGtcccact,"AllSNPsRound1: 151, 165, 172, 201; 24Amplicons53Variants: 151, 165, 172",